champion1,champion2,champion3,champion4,champion5,champion6,champion7,champion8,champion9,champion10,winrate1,winrate2,winrate3,winrate4,winrate5,winrate6,winrate7,winrate8,winrate9,winrate10
40,125,134,31,62,95,43,113,27,11,0.28,0.55,0.48,0.47,0.48,0.66,0.49,0.82,0.51,0.5
44,133,88,10,1,142,46,43,136,40,0.71,0.57,0.48,0.33,0.58,0.54,0.14,0.49,0,0.56
142,46,43,136,40,44,133,88,10,1,0.54,0.14,0.49,0,0.56,0.71,0.57,0.48,0.33,0.58
25,97,27,139,78,20,37,88,125,130,0.5,0,0.5,0.4,0,0.38,0.64,0,0.85,0.38
98,61,93,125,67,107,27,95,55,86,0.55,0.47,0.5,0,0.37,0.53,0.36,0.1,0.66,0.49
40,80,12,72,18,107,43,33,3,48,0.5,0.66,0.71,0.51,0.49,0.53,0.49,0.33,0.85,0.5
43,104,106,136,40,100,113,48,5,13,0.49,0.56,0.57,0.76,0.5,0.5,0.5,0.5,0.5,0.6
23,63,13,37,22,27,75,44,127,91,0.49,0.75,0.44,0.62,0.54,0.57,0.64,0.46,0.52,0.58
104,112,12,1,84,61,136,135,65,13,0.52,0.47,0.48,0.49,0,0.47,0.5,0.5,0.5,0.5
139,72,111,62,109,129,48,77,43,63,0.5,0.51,0.53,0.48,0.1,0.52,0.5,0.64,0.49,0
1,27,12,17,25,44,107,125,16,60,0.33,0.48,0.48,0.5,0.51,0.51,0.49,0.33,0.66,0.51
116,84,72,21,63,4,125,135,108,27,0.4,0.39,0.51,0.5,0,0.48,0.51,0.5,0.1,0.75
19,33,43,15,88,140,27,116,24,68,0.58,0.48,0.49,0.5,0.46,0.53,0.6,0.57,0,0.49
140,27,116,24,68,19,33,43,15,88,0.53,0.6,0.57,0,0.49,0.58,0.48,0.49,0.5,0.46
137,64,54,116,135,108,57,115,22,63,0.57,0.1,0.52,0.52,0.5,0.41,0.49,0.42,0.61,0.53
27,31,130,136,43,100,135,4,125,64,0.45,0.52,0.36,0.58,0.49,0.44,0.5,0.7,0.52,0.66
100,135,4,125,64,27,31,130,136,43,0.44,0.5,0.7,0.52,0.66,0.45,0.52,0.36,0.58,0.49
55,8,14,6,29,95,15,107,130,62,0,0,0.25,0.51,0.49,0.58,0.55,0.5,0.5,0.48
37,22,69,120,116,18,27,139,80,28,0.5,0,0.53,0.5,0.33,0.49,0,0.5,0.5,0.49
4,52,27,20,91,80,42,65,95,110,0.44,0.5,0.47,0.5,0.53,0.5,0.51,0.47,0.58,0.47
133,12,10,99,93,48,106,55,81,73,0,0.5,0.48,0.5,0.33,0.5,0.52,0.56,0.27,0.49
48,136,13,43,69,125,19,75,25,27,0.5,0.6,0.62,0.49,0.61,0.1,0.25,0.5,0.75,0.37
143,17,113,40,95,53,37,48,127,62,0.66,0.37,0.5,0.25,0.1,0.2,0.42,0.5,0.52,0.48
62,120,19,106,20,15,3,36,13,134,0.48,0.5,0.75,0.52,0.53,0.5,0.7,0.1,0.88,0.48
23,62,116,117,67,123,134,37,27,2,0.49,0.48,0.5,0.39,0.44,0.42,0,0.5,0.18,0.5
72,76,62,84,125,101,15,75,52,39,0.51,0.62,0.48,0.27,0.42,0.49,0.51,0.51,0.28,0.49
33,101,126,30,124,37,46,38,97,116,0.48,0.49,0.52,0.52,0.54,0.43,0.47,0.44,0,0.45
40,107,125,5,109,26,12,47,74,139,0.71,0.34,0.66,0.66,0.47,0.53,0.31,0.42,0.36,0.36
74,27,140,15,55,81,75,88,65,93,0.6,0.84,0.45,0.5,0.51,0.5,0.66,0.38,0.47,0.5
27,127,17,37,21,89,44,82,112,66,0.44,0.52,0.31,0.5,0.66,0.4,0.4,0.6,0.1,0.5
130,129,22,106,23,33,2,44,134,117,0.33,0.54,0,0.58,0.49,0.53,0.45,0.56,0.53,0.55
89,47,75,86,123,63,60,128,33,129,0.56,0.51,0.65,0.45,0.55,0.1,0.51,0.68,0.52,0.54
86,62,4,27,6,75,125,58,142,3,0.55,0.48,0.66,0.65,0.66,0.6,0.52,0.1,0.33,0.5
75,125,58,142,3,86,62,4,27,6,0.6,0.52,0.1,0.33,0.5,0.55,0.48,0.66,0.65,0.66
43,77,14,134,15,124,86,57,50,1,0.49,0,0.16,0.51,0.35,0.5,0.55,0.49,0.45,0.85
37,23,27,136,31,47,62,139,66,109,0.55,0.49,0.58,0.5,0.5,0.52,0.48,0.57,0.46,0.44
47,62,139,66,109,37,23,27,136,31,0.52,0.48,0.57,0.46,0.44,0.55,0.49,0.58,0.5,0.5
97,58,59,116,65,104,84,62,40,42,0.1,0.1,0.51,0.64,0.55,0.6,0.4,0.48,0.6,0.51
62,50,48,69,139,104,97,109,75,135,0.48,0.5,0.5,0.33,0.6,0.6,0.42,0.59,0.61,0.5
104,119,25,21,75,23,107,78,27,118,0.6,0.47,0.5,0.6,0.47,0.49,0.66,0.5,0.33,0
64,115,135,127,125,15,76,52,23,123,0.48,0.52,0.5,0.52,0.41,0.52,0.1,0.33,0.49,0.38
57,100,40,19,48,121,10,116,49,29,0.49,0.36,0.5,0,0.5,0.48,0.66,0.66,0.36,0.59
76,43,71,117,1,34,92,78,136,125,0.58,0.49,0.5,0.56,0.49,0.48,0.51,0.4,0,0.52
66,80,93,136,27,105,111,109,75,125,0.38,0.57,0,0.8,0.48,0.42,0.53,0.53,0.25,0.66
126,106,25,15,130,23,5,2,12,27,0.8,0.66,0.52,0.5,0.43,0.49,0.1,0.66,0.48,0.66
75,30,86,72,56,65,62,67,103,19,0.7,0.67,0.73,0.51,0.1,0.44,0.48,0.62,0.5,0.5
65,62,67,103,19,75,30,86,72,56,0.44,0.48,0.62,0.5,0.5,0.7,0.67,0.73,0.51,0.1
43,16,65,75,110,93,60,125,35,27,0.49,0.5,0.33,0.5,0,0.5,0.51,0.52,0.1,0.44
93,67,48,58,40,24,27,85,14,43,0.5,0.2,0.5,0.33,0,0.36,0.5,0.6,0.1,0.49
13,37,48,136,43,103,47,67,131,84,0.58,0.66,0.5,0.59,0.49,0.46,0.52,0.51,0.49,0.55
53,117,5,14,39,95,136,94,112,48,0.47,0.49,0.5,0.47,0.42,0.52,0.5,0.51,0.47,0.5
95,136,94,112,48,53,117,5,14,39,0.52,0.5,0.51,0.47,0.5,0.47,0.49,0.5,0.47,0.42
94,48,136,30,118,78,20,46,66,139,0.51,0.5,0.5,0.51,0.5,0.42,0,0.47,0.49,0.5
83,126,139,43,27,78,20,65,58,54,0.33,0.33,0.41,0.49,0.46,0.53,0.44,0.47,0.66,0.54
15,91,107,33,54,4,65,64,135,39,0.33,0.44,0.34,0.64,0.66,0.5,0.6,0.25,0.5,0.51
4,65,64,135,39,15,91,107,33,54,0.5,0.6,0.25,0.5,0.51,0.33,0.44,0.34,0.64,0.66
137,110,58,6,48,67,94,95,78,27,0.49,0.5,0.56,0.57,0.5,0.59,0.1,0.5,0.55,0.6
107,37,27,142,125,6,45,141,46,71,0.46,0.8,0.42,0.5,0.68,0.48,0.5,0.62,0.57,0.5
6,45,141,46,71,107,37,27,142,125,0.48,0.5,0.62,0.57,0.5,0.46,0.8,0.42,0.5,0.68
7,44,65,107,85,35,8,83,18,63,0.55,0.6,0.85,0.51,0.53,0.5,0.6,0.35,0.49,0.5
75,65,136,18,37,27,109,62,88,39,0,0.34,0.5,0.49,0,0.47,0.5,0.48,0.75,0.56
99,3,124,1,50,45,12,46,120,58,0.63,0.55,0.48,0.49,0.37,0.49,0.48,0.75,0.5,0.55
30,23,62,31,27,67,53,29,37,48,0,0.49,0.48,0.6,0.49,0.1,0.5,0.49,0.54,0.5
67,53,29,37,48,30,23,62,31,27,0.1,0.5,0.49,0.54,0.5,0,0.49,0.48,0.6,0.49
97,3,62,65,11,109,40,124,81,90,0.25,0.35,0.48,0.57,0.45,0.57,0.44,0.62,0.64,0.5
48,43,66,6,3,109,55,76,47,32,0.5,0.49,0.47,0.63,0.42,0.38,0.5,0.52,0.1,0.1
47,62,3,116,45,112,72,31,136,100,0.66,0.48,0.77,0.81,0.34,0,0.51,0.5,0.51,0.55
55,107,15,30,3,47,136,20,62,116,0.33,0.66,0.71,0.33,0.55,0.6,0.5,0.6,0.48,0.48
13,29,61,104,135,37,95,48,78,19,0.54,0.49,0.47,0.52,0.5,0,0.33,0.5,0.62,0.52
73,106,52,130,27,104,62,140,135,13,0.49,0.65,0.5,0.55,0.51,0,0.48,0.55,0.5,0.54
117,141,40,139,138,48,97,66,71,23,0.1,0.56,0.5,0.42,0.48,0.5,0.6,0.22,0.5,0.49
84,133,135,96,12,72,141,129,59,37,0.48,0.5,0.5,0.33,0,0.51,0.66,0.66,0.66,0.78
23,84,118,89,63,122,136,27,75,38,0.49,0.6,0,0.62,0,0.51,0.52,0.5,0.66,0.1
116,2,39,15,62,84,57,12,68,27,0.36,0.52,0.71,0.5,0.48,0.5,0.49,0,0.49,0.37
124,26,23,39,8,62,100,47,12,126,0.33,0,0.49,0.4,0.68,0.48,0.1,0.1,0.75,0.51
37,95,67,125,127,29,100,75,35,8,0.51,0.52,0.5,0.44,0.52,0.69,0.5,0.68,0.42,0.35
27,116,82,84,136,37,88,45,48,66,0.51,0.16,0.23,0.55,0,0.51,0.58,0.1,0.5,0.33
62,73,30,13,121,81,11,134,27,94,0.48,0.49,0.51,0.1,0.5,0,0.4,0.48,0.6,0.61
120,72,31,62,130,35,129,56,134,126,0.5,0.51,0,0.48,0.56,0.71,0.5,0.42,0.51,0.52
73,88,8,53,44,32,48,141,107,62,0.49,0.37,0.5,0.48,0.16,0.46,0.5,0.75,0.51,0.48
130,63,135,48,52,142,125,95,36,75,0.88,0.51,0.5,0.5,0.58,0.52,0.52,0.56,0.49,0
95,78,120,46,73,62,32,118,40,27,0.52,0.52,0.5,0.47,0.49,0.48,0.62,0.5,0.1,0.58
62,32,118,40,27,95,78,120,46,73,0.48,0.62,0.5,0.1,0.58,0.52,0.52,0.5,0.47,0.49
130,14,27,97,92,109,136,43,78,68,0.62,0.77,0.62,0.43,0.51,0.52,0.33,0.49,0.4,0
61,58,27,54,13,57,31,8,130,125,0.47,0.6,0.61,0.55,0.51,0.49,0.54,0.54,0.62,0.56
85,104,35,84,66,27,6,127,132,93,0.38,0,0.71,0.58,0.41,0.53,0.5,0.52,0.5,0.72
62,85,72,78,50,52,65,98,115,31,0.48,0.5,0.51,0.52,0.58,0.5,0.51,0.16,0.53,0.45
40,22,143,130,62,28,25,125,89,109,0.57,0.1,0.1,0.49,0.48,0.44,0.57,0.5,0.59,0.56
137,104,136,35,4,28,52,11,123,27,0.53,0.57,0.5,0.5,0,0.55,0.63,0.52,0.66,0.5
99,4,47,86,120,64,62,141,125,28,0.46,0.39,0.71,0.53,0.5,0.33,0.48,0.63,0.51,0.47
32,123,117,120,43,53,37,62,48,87,0.51,0,0.8,0.5,0.49,0.54,0.59,0.48,0.5,0.57
53,37,62,48,87,32,123,117,120,43,0.54,0.59,0.48,0.5,0.57,0.51,0,0.8,0.5,0.49
86,131,84,8,32,79,47,116,69,132,0.2,0.61,0,0.55,0.51,0.61,0.52,0.59,0.58,0.47
48,40,115,43,53,27,56,135,33,31,0.5,0.5,0.44,0.49,0.48,0.47,0.5,0.5,0.53,0.57
125,4,139,33,62,44,78,48,116,5,0.4,0.61,0.59,0.57,0.48,0.63,0.54,0.5,0.59,0.5
27,92,2,95,99,124,40,75,58,97,0.8,0.51,0.63,0.59,0.55,0.57,0.48,0,0.5,0.5
124,40,75,58,97,27,92,2,95,99,0.57,0.48,0,0.5,0.5,0.8,0.51,0.63,0.59,0.55
27,64,88,57,40,135,116,61,15,95,0.48,0.58,0.1,0.49,0.47,0.5,0.5,0.47,0.75,0.53
116,95,27,101,24,73,42,49,20,75,0.44,0.6,0.47,0.71,0.56,0.49,0.67,0.57,0.51,0.71
107,30,43,8,93,52,103,11,48,128,0.4,0.2,0.49,0.37,0.5,0.63,0.58,0.66,0.5,0.33
43,77,67,63,65,143,113,48,89,54,0.49,0.5,0.49,0.65,0.4,0.52,0.66,0.5,0.35,0
143,113,48,89,54,43,77,67,63,65,0.52,0.66,0.5,0.35,0,0.49,0.5,0.49,0.65,0.4
125,116,67,43,3,48,113,141,115,62,0.5,0.68,0.68,0.49,0.83,0.5,0.62,0.6,0.61,0.48
95,27,50,91,127,86,112,26,13,33,0.56,0.22,0.55,0,0.52,0.1,0.6,0.54,0.1,0.44
86,112,26,13,33,95,27,50,91,127,0.1,0.6,0.54,0.1,0.44,0.56,0.22,0.55,0,0.52
16,75,38,93,60,23,21,27,66,62,0.2,0.46,0.52,0.6,0.51,0.49,0.47,0.37,0.63,0.48
115,27,142,43,66,86,76,65,25,120,0.48,0.48,0.2,0.49,0.4,0.5,0.66,0.25,0.48,0.5
75,123,104,91,2,46,98,78,64,62,0.62,0.4,0.55,0.56,0.63,0.52,0.52,0.52,0.56,0.48
27,3,12,25,93,62,67,64,46,40,0.53,0.48,0.48,0.55,0.5,0.48,0.66,0.5,0.52,0.42
33,2,67,44,104,52,32,80,46,12,0.46,0.52,0.66,0.51,0.52,0.51,0.6,0.5,0.47,0
52,62,94,111,48,130,29,12,36,97,0.33,0.48,0.49,0.53,0.5,0.49,0.49,0.48,0.49,0.75
112,20,26,65,116,46,66,57,40,120,0.1,0.51,0.51,0.47,0.5,0.47,0.58,0.49,0.48,0.5
44,40,50,99,65,15,141,134,36,123,0.63,0.39,0.68,0.54,0.68,0.5,0.59,0.48,0.49,0.72
44,64,81,35,27,75,19,93,43,48,0.63,0.35,0,0,0,0.57,0.68,0.41,0.49,0.5
104,35,61,95,127,68,12,6,27,43,0.66,0.47,0.47,0.1,0.52,0.8,0.52,0.57,0.52,0.49
19,130,141,57,125,86,87,113,72,63,0.6,0.56,0.6,0.49,0.5,0.65,0.62,0.37,0.51,0.5
88,27,128,78,109,43,114,15,139,54,0.6,0.8,0.53,0.61,0.66,0.49,0.62,0.41,0.6,0.5
43,114,15,139,54,88,27,128,78,109,0.49,0.62,0.41,0.6,0.5,0.6,0.8,0.53,0.61,0.66
52,40,36,121,75,56,28,43,15,21,0,0.5,0.37,0,0.48,0.38,0.52,0.49,0.6,0.56
71,16,27,116,125,40,65,54,43,50,0.5,0.45,0,0.56,0.52,0.54,0.5,0.52,0.49,0.8
88,44,53,62,27,61,130,51,8,63,0.6,0.6,0,0.48,0.54,0.47,0.1,0,0.66,0.52
12,60,101,54,69,31,99,81,4,125,0.5,0.51,0.75,0.5,0.62,0,0.55,0,0.66,0.57
91,120,124,106,20,95,78,98,40,27,0.63,0.5,0.33,0.38,0.6,0.8,0.52,0.75,0.57,0.47
95,78,98,40,27,91,120,124,106,20,0.8,0.52,0.75,0.57,0.47,0.63,0.5,0.33,0.38,0.6
40,124,78,32,99,142,44,91,48,50,0.54,0.48,0.52,0.66,0.52,0.66,0.63,0.63,0.5,0.66
47,14,85,19,37,96,132,11,104,52,0.5,0.51,0.64,0.1,0.66,0,0.51,0.46,0.4,0.52
96,132,11,104,52,47,14,85,19,37,0,0.51,0.46,0.4,0.52,0.5,0.51,0.64,0.1,0.66
119,37,69,27,75,143,136,93,129,71,0.66,0.5,0.71,0.43,0.67,0.51,0.58,0.5,0,0.5
27,116,3,33,123,119,125,61,143,82,0.45,0.55,0.3,0.1,0.59,0.66,0.55,0.47,0.53,0.81
88,69,43,68,104,113,125,36,75,54,0.62,0.56,0.49,0.44,0.44,0.52,0.37,0.57,0.44,0.52
113,125,36,75,54,88,69,43,68,104,0.52,0.37,0.57,0.44,0.52,0.62,0.56,0.49,0.44,0.44
23,131,67,63,15,10,39,77,88,60,0.49,0,0.47,0.4,0.41,0.42,0.52,0.49,0.5,0.51
10,39,77,88,60,23,131,67,63,15,0.42,0.52,0.49,0.5,0.51,0.49,0,0.47,0.4,0.41
51,65,10,77,28,78,75,125,130,43,0.55,0.66,0,0.5,0.47,0.63,0.51,0.52,0.25,0.49
65,109,67,97,44,5,48,136,12,115,0.54,0,0.53,0,0.5,0.1,0.5,0.1,0.4,0.59
36,34,133,90,84,11,15,33,141,16,0.49,0.48,0.49,0.49,0.49,0,0.49,0.44,0.53,0.1
11,15,33,141,16,36,34,133,90,84,0,0.49,0.44,0.53,0.1,0.49,0.48,0.49,0.49,0.49
113,132,39,72,75,37,2,78,104,20,0.87,0.55,0.5,0.51,0.55,0.44,0.33,0.28,0.52,0.66
37,2,78,104,20,113,132,39,72,75,0.44,0.33,0.28,0.52,0.66,0.87,0.55,0.5,0.51,0.55
93,62,14,65,130,30,48,43,11,68,0.67,0.48,0.75,0.51,0.49,0.42,0.5,0.49,0.54,0.57
52,24,63,34,104,31,8,2,45,99,0.1,0.5,0.53,0.25,0.1,0.47,0,0.53,0.54,0.42
31,8,2,45,99,52,24,63,34,104,0.47,0,0.53,0.54,0.42,0.1,0.5,0.53,0.25,0.1
17,68,134,71,8,21,63,62,47,95,0.46,0.66,0.5,0.5,0.52,0.43,0.54,0.48,0.55,0.52
12,100,136,35,72,43,59,78,49,97,0.45,0.58,0.5,0.47,0.51,0.49,0.46,0.37,0.4,0.64
111,58,34,27,109,75,20,43,104,79,0.53,0.55,0.52,0.59,0.52,0.51,0.51,0.49,0.58,0.52
40,136,135,31,48,43,53,29,67,27,0.78,0.56,0.5,0.43,0.5,0.49,0.5,0.63,0.57,0.57
89,54,113,8,63,115,27,50,61,100,0.5,0.52,0.52,0.52,0.51,0.49,0.48,0.45,0.47,0.1
115,27,50,61,100,89,54,113,8,63,0.49,0.48,0.45,0.47,0.1,0.5,0.52,0.52,0.52,0.51
139,132,77,8,4,30,107,137,22,62,0.57,0.56,0.49,0.52,0.48,0.51,0.49,0.53,0.52,0.48
132,103,125,120,12,106,2,92,117,16,0.71,0.5,0.6,0.5,0.48,0.2,0.3,0.51,0.49,0.37
27,16,76,136,2,3,26,35,46,29,0.54,0,0.51,0.5,0.52,0.48,0.55,0.47,0.47,0
65,141,91,16,19,27,116,142,43,96,0.1,0.68,0.1,0.51,0.5,0.56,0,0.42,0.49,0.5
20,67,101,116,48,77,71,78,27,107,0.64,0.51,0.66,0.62,0.5,0.55,0.5,0.57,0.12,0.51
15,3,95,138,63,4,36,56,44,27,0.1,0.48,0.58,0.46,0.62,0.57,0.42,0.54,0.28,0.52
116,1,50,43,46,18,111,27,127,5,0.47,0.83,0.1,0.49,0.5,0.49,0.53,0.56,0.52,0.5
31,121,62,126,20,27,116,123,137,91,0.42,0.5,0.48,0.33,0,0.1,0.47,0.61,0.69,0.63
27,101,116,123,142,96,79,48,40,81,0.7,0.58,0.5,0.69,0.33,0.74,0.52,0.5,0.52,0
62,32,66,136,48,20,63,65,120,91,0.48,0.55,0.61,0.62,0.5,0.63,0.55,0.69,0.5,0
45,27,62,126,61,16,136,111,106,46,0.28,0.62,0.48,0.62,0.47,0,0.5,0.53,0.61,0.5
126,44,141,103,65,130,52,86,71,48,0.56,0.2,0.53,0.33,0.41,0.5,0.66,0.4,0.5,0.5
56,15,116,53,43,27,67,109,136,57,0.5,0.83,0.55,0.51,0.49,0.53,0.45,0.61,0.66,0.49
33,113,4,136,138,108,1,30,40,125,0.55,0.1,0.76,0.66,0.1,0.58,0.49,0,0.53,0.58
139,26,75,20,124,31,50,15,140,71,0.5,0.5,0.59,0.51,0.66,0.57,0.5,0.51,0.4,0.5
62,125,127,40,65,98,123,130,13,47,0.48,0.33,0.52,0.66,0.16,0.61,0.75,0.66,0.5,0.77
4,47,137,136,135,20,125,127,28,43,0.51,0.57,0.6,0.53,0.5,0.5,0.56,0.52,0.77,0.49
45,66,65,131,36,143,119,5,136,47,0.5,0.1,0.47,0.5,0.49,0.51,0.5,0.5,0.5,0.52
40,48,45,116,71,28,3,134,46,39,0.6,0.5,0.5,0.47,0.5,0.47,0.5,0.48,0,0.63
28,3,134,46,39,40,48,45,116,71,0.47,0.5,0.48,0,0.63,0.6,0.5,0.5,0.47,0.5
4,57,142,125,109,62,130,69,48,107,0.4,0.49,0,0.51,0.56,0.48,0.1,0.64,0.5,0.59
29,57,11,61,27,139,129,104,67,16,0.49,0.49,0.51,0.47,0.4,0.5,0,0.7,0.7,0.1
99,61,39,47,90,50,130,13,27,62,0.62,0.47,0.51,0.1,0.1,0,0.55,0.4,0.48,0.48
103,136,121,12,58,64,107,33,27,62,0.5,0.5,0.47,0.1,0.49,0.47,0.49,0.5,0,0.48
64,107,33,27,62,103,136,121,12,58,0.47,0.49,0.5,0,0.48,0.5,0.5,0.47,0.1,0.49
27,37,80,67,93,63,103,46,43,136,0.54,0.53,0.59,0.51,0.6,0.56,0.8,0.52,0.49,0.6
63,103,46,43,136,27,37,80,67,93,0.56,0.8,0.52,0.49,0.6,0.54,0.53,0.59,0.51,0.6
135,32,64,125,66,65,120,116,62,29,0.5,0.51,0.57,0.63,0.53,0.47,0.5,0.5,0.48,0.4
113,40,81,75,47,135,86,27,141,53,0.47,0.66,0.88,0.4,0.64,0.5,0.54,0.43,0.5,0.61
127,104,81,13,56,124,23,88,125,65,0.52,0.1,0.3,0.62,0.7,0,0.49,0.5,0.66,0
124,23,88,125,65,127,104,81,13,56,0,0.49,0.5,0.66,0,0.52,0.1,0.3,0.62,0.7
12,13,109,54,72,77,31,2,15,71,0.27,0.37,0.54,0.2,0.51,0.61,0.47,0.51,0.51,0.5
135,116,33,2,27,72,88,16,123,52,0.5,0.5,0.1,0.5,0.48,0.51,0.5,0.62,0.49,0.5
8,2,3,106,92,33,16,24,48,143,0.52,0.52,0.53,0.1,0.51,0.52,0.51,0.51,0.5,0.6
143,135,3,27,130,72,70,121,109,87,0.28,0.5,0.61,0.5,0.41,0.51,0.1,0.1,0.1,0.39
100,117,53,62,63,61,25,75,44,27,0.33,0.5,0.53,0.48,0.5,0.47,0.64,0.51,0.51,0.48
61,25,75,44,27,100,117,53,62,63,0.47,0.64,0.51,0.51,0.48,0.33,0.5,0.53,0.48,0.5
84,90,27,123,95,107,47,91,142,64,0.57,0.5,0,0.5,0.42,0.55,0.58,0.53,0.1,0.1
126,118,27,116,89,95,127,8,135,67,0.49,0.5,0.36,0.59,0.4,0.1,0.52,0.47,0.5,0.51
77,27,120,107,98,124,78,44,69,93,0.58,0.44,0.5,0.47,0.73,0,0.5,0.45,0.42,0.45
75,121,122,33,30,26,4,48,115,10,0.51,0.61,0.38,0.54,0.52,0.56,0.25,0.5,0.49,0.6
79,48,116,138,68,17,96,65,42,135,0.52,0.5,0.66,0.49,0.49,0.66,0.5,0,0.51,0.5
62,23,116,125,67,47,50,17,93,58,0.48,0.49,0,0.31,0.51,0.68,0.45,0.66,0.59,0.57
25,27,136,93,75,88,65,36,123,109,0,0.58,0.61,0,0,0.58,0.58,0.66,0.65,0.51
138,7,104,113,54,63,40,27,112,61,0.1,0.56,0.52,0.6,0.5,0.64,0.59,0.61,0.8,0.47
45,57,11,52,27,54,25,72,61,4,0.72,0.49,0.67,0.1,0.54,0.5,0.53,0.51,0.47,0.5
54,25,72,61,4,45,57,11,52,27,0.5,0.53,0.51,0.47,0.5,0.72,0.49,0.67,0.1,0.54
127,20,57,116,104,40,15,109,62,11,0.52,0.51,0.49,0.2,0.55,0.75,0.49,0.64,0.48,0.51
82,130,139,4,27,58,60,125,67,107,0.33,0.66,0.6,0.48,0.49,0.42,0.51,0,0.51,0.49
37,114,48,109,125,75,21,40,65,33,0.71,0,0.5,0,0.56,0.42,0.68,0.6,0.44,0.57
129,135,30,12,27,107,48,138,136,50,0.7,0.5,0.53,0.42,0.48,0.49,0.5,0.42,0.33,0.66
107,48,138,136,50,129,135,30,12,27,0.49,0.5,0.42,0.33,0.66,0.7,0.5,0.53,0.42,0.48
44,117,75,57,126,139,104,20,63,37,0.1,0.1,0.46,0.49,0.5,0.5,0.47,0.5,0.1,0.25
113,57,65,116,20,107,59,19,71,124,0.5,0.49,0.47,0.47,0.1,0.49,0.44,0,0.5,0.45
24,61,115,72,62,15,31,67,75,128,0.25,0.47,0.65,0.51,0.48,0.5,0.5,0.51,0.5,0.57
79,75,8,115,128,136,54,67,138,27,0.52,0.25,0.46,0.2,0.54,0.48,0.44,0.58,0.45,0.5
127,27,110,101,21,117,79,118,87,33,0.52,0.46,0.47,0.59,0.53,0.57,0.47,0,0.5,0.44
67,109,135,8,3,91,125,30,27,40,0.39,0.33,0.5,0.35,0.33,0.1,0.5,0.37,0.55,0.1
115,133,67,40,132,78,113,27,71,68,0.33,0,0.62,0.29,0.5,0.66,0.5,0.66,0.5,0.66
67,123,111,49,31,93,5,65,86,143,0.58,0.4,0.53,0.46,0.33,0.4,0.5,0.6,0.33,0.42
93,5,65,86,143,67,123,111,49,31,0.4,0.5,0.6,0.33,0.42,0.58,0.4,0.53,0.46,0.33
55,27,30,39,12,136,23,67,93,124,0.15,0.12,0.33,0.43,0.53,0.1,0.49,0.58,0.73,0.62
55,142,13,47,68,67,72,83,75,71,0.15,0.2,0.51,0.5,0.64,0.8,0.51,0.66,0.59,0.5
4,128,125,51,30,43,13,117,79,40,0.5,0.36,0.32,0.45,0.48,0.49,0.8,0,0.37,0.3
43,13,117,79,40,4,128,125,51,30,0.49,0.8,0,0.37,0.3,0.5,0.36,0.32,0.45,0.48
60,79,72,136,33,49,75,130,71,40,0.51,0.52,0.51,0.45,0.22,0.63,0.85,0.49,0.5,0.48
142,48,107,55,115,2,54,37,65,116,0.53,0.5,0.51,0.5,0.51,0.46,0.4,0.59,0.72,0.5
2,54,37,65,116,142,48,107,55,115,0.46,0.4,0.59,0.72,0.5,0.53,0.5,0.51,0.5,0.51
40,125,130,43,67,27,115,20,12,111,0.55,0.33,0.49,0.49,0.5,0.3,0.55,0.66,0.54,0.53
27,107,45,62,54,65,13,39,53,92,0.66,0.27,0.49,0.48,0.52,0.53,0.58,0.1,0.1,0.51
82,45,113,47,12,75,67,104,91,56,0.46,0.33,0.5,0,0.58,0.66,0.51,0.47,0.66,0.1
75,67,104,91,56,82,45,113,47,12,0.66,0.51,0.47,0.66,0.1,0.46,0.33,0.5,0,0.58
48,86,67,20,127,126,81,106,130,15,0.5,0.66,0.51,0.48,0.52,0.55,0,0.64,0.69,0.64
26,116,48,93,37,56,65,62,139,78,0.51,0.47,0.5,0.72,0.5,0.61,0.73,0.48,0.5,0.58
71,14,97,27,120,78,46,51,37,67,0.5,0.48,0,0.49,0.5,0.61,0.42,0.64,0.66,0.55
78,46,51,37,67,71,14,97,27,120,0.61,0.42,0.64,0.66,0.55,0.5,0.48,0,0.49,0.5
123,88,46,2,62,20,122,67,48,31,0.53,0.44,0.31,0.48,0.48,0.5,0.45,0.1,0.5,0.54
20,122,67,48,31,123,88,46,2,62,0.5,0.45,0.1,0.5,0.54,0.53,0.44,0.31,0.48,0.48
43,31,133,29,61,101,76,27,123,136,0.49,0.65,0.5,0.4,0.47,0.5,0.48,0.12,0.45,0.5
98,120,3,133,66,123,88,15,35,84,0.56,0.5,0.1,0.53,0.52,0.53,0.44,0.44,0.4,0.5
123,10,62,133,90,107,3,78,27,80,0.53,0.52,0.48,0.51,0.62,0.62,0.6,0.63,0.54,0.53
8,84,78,67,37,68,56,125,86,116,0.47,0.57,0.43,0.48,0.64,0.5,0.52,0.6,0.57,0.53
94,33,31,136,46,142,125,57,39,4,0.55,0.45,0.5,0.1,0.58,0.49,0.52,0.49,0.3,0.5
22,44,107,68,69,65,37,109,63,3,0.5,0.51,0.5,0.4,0,0.6,0.5,0.64,0.73,0.1
65,37,109,63,3,22,44,107,68,69,0.6,0.5,0.64,0.73,0.1,0.5,0.51,0.5,0.4,0
31,125,103,71,48,62,97,27,116,119,0.6,0.41,0.25,0.5,0.5,0.48,0.52,0.48,0.46,0.57
3,138,48,14,135,27,112,134,131,116,0.51,0.57,0.5,0.6,0.5,0.43,0,0.53,0.33,0.57
73,27,6,95,39,109,120,82,57,48,0.49,0.37,0.51,0.52,0,0.42,0.5,0.1,0.49,0.5
45,121,54,14,73,113,62,15,143,96,0.49,0.47,0.52,0.47,0.49,0.52,0.48,0.49,0.51,0.51
42,139,43,48,88,134,7,124,57,126,0.36,0.33,0.49,0.5,0.5,0.48,0.5,0,0.49,0.49
68,76,125,71,40,12,47,113,43,78,0.46,0.52,0.52,0.5,0.44,0.63,0.76,0.52,0.49,0
102,62,15,97,143,98,28,104,75,139,0.4,0.48,0.6,0.26,0.51,0.33,0.33,0.55,0.5,0.5
53,19,92,126,119,24,35,20,31,27,0.6,0.36,0.51,0,0.47,0.1,0.1,0.65,0.71,0.59
59,61,27,116,55,92,129,46,75,29,0.56,0.47,0.66,0,0.5,0.51,0.52,0.1,0.55,0.1
32,132,2,125,116,51,23,27,134,128,0.48,0.44,0.75,0.1,0.71,0.51,0.49,0.47,0,0
104,126,84,44,58,136,68,65,61,91,0.36,0.2,0.49,0.16,0.6,0.46,0.44,0.71,0.47,0.55
51,97,125,44,62,55,40,106,64,117,0.62,0.5,0.56,0.1,0.48,0.4,0.59,0.3,0.58,0.49
55,40,106,64,117,51,97,125,44,62,0.4,0.59,0.3,0.58,0.49,0.62,0.5,0.56,0.1,0.48
51,104,67,131,80,109,27,93,13,62,0.62,0.52,0.66,0.1,0.69,0.28,0.56,0.69,0.66,0.48
127,93,27,2,5,75,87,62,15,78,0.52,0.68,0.58,0.51,0.53,0,0.64,0.48,0,0
61,71,116,37,124,141,27,44,128,78,0.47,0.5,0.66,0.5,0.63,0,0.4,0,0.55,0.16
62,27,30,50,77,110,116,117,14,86,0.48,0.33,0.83,0.77,0.25,0.44,0.5,0.49,0.33,0.53
122,129,75,47,52,20,12,1,65,120,0.75,0.46,0.33,0.4,0.5,0.51,0.33,0.49,0.25,0.5
20,12,1,65,120,122,129,75,47,52,0.51,0.33,0.49,0.25,0.5,0.75,0.46,0.33,0.4,0.5
119,2,62,76,65,129,127,123,27,43,0.53,0.52,0.48,0.66,0.56,0.51,0.52,0.5,0.55,0.49
94,62,48,27,139,43,130,125,12,119,0.51,0.48,0.5,0.5,0.5,0.49,0.43,0.34,0.71,0.53
120,15,135,134,3,8,116,16,55,95,0.5,0.52,0.5,0.44,0.48,0.1,0.5,0.5,0.83,0.5
8,116,16,55,95,120,15,135,134,3,0.1,0.5,0.5,0.83,0.5,0.5,0.52,0.5,0.44,0.48
30,20,4,46,71,64,95,100,62,48,0.51,0.51,0.48,0.55,0.5,0.47,0.56,0.47,0.48,0.5
43,40,44,11,27,135,93,52,116,8,0.49,0.33,0.5,0.88,0.71,0.5,0,0.5,0.56,0.71
88,71,45,61,48,87,27,55,76,17,0.51,0.5,0.1,0.47,0.5,0.38,0.5,0.36,0.5,0
106,33,67,125,62,43,40,78,27,134,0.41,0.45,0.57,0.72,0.48,0.49,0.33,0.5,0.5,0.48
106,33,113,37,48,109,67,83,119,27,0.41,0.45,0.66,0.57,0.5,0.42,0,0.2,0,0
109,67,83,119,27,106,33,113,37,48,0.42,0,0.2,0,0,0.41,0.45,0.66,0.57,0.5
35,100,31,117,141,106,33,48,5,3,0,0.5,0.47,0.33,0.5,0.41,0.45,0.5,0.66,0.1
81,125,85,27,129,126,61,86,16,72,0.28,0.55,0,0.28,0.55,0.2,0.47,0.41,0.1,0.51
126,61,86,16,72,81,125,85,27,129,0.2,0.47,0.41,0.1,0.51,0.28,0.55,0,0.28,0.55
63,43,136,72,95,29,135,116,15,2,0.58,0.49,0.8,0.51,0.5,0,0.5,0.31,0.5,0.5
67,117,29,129,83,100,60,107,139,62,0.28,0.1,0.8,0.5,0.54,0.6,0.51,0.49,0.5,0.48
12,27,86,84,79,80,104,62,52,63,0.48,0.35,0.63,0.62,0.33,0.59,0.6,0.48,0.66,0.6
80,104,62,52,63,12,27,86,84,79,0.59,0.6,0.48,0.66,0.6,0.48,0.35,0.63,0.62,0.33
120,67,27,99,77,23,62,136,143,48,0.5,0.42,0.83,0.61,0.5,0.49,0.48,0.75,0.92,0.5
67,142,46,77,71,130,40,50,36,124,0.25,0.49,0.47,0.49,0.5,0.49,0.48,0.6,0.1,0.48
115,113,5,14,125,65,130,101,116,107,0.71,0.6,0.63,0.66,0.55,0.55,0.66,0,0.37,0
40,46,4,86,20,43,130,136,63,27,0.51,0.47,0.55,0.53,0.61,0.49,0.66,0.5,0.58,0.65
8,107,77,136,71,48,62,75,40,68,0.53,0.29,0.4,0,0.5,0.5,0.48,0.5,0.51,0.1
27,12,115,21,80,81,136,39,15,67,0.45,0.69,0.25,0.1,0.71,0.47,0.5,0.62,0.58,0.44
54,113,128,22,11,136,131,91,116,15,0.5,0,0.58,0,0.51,0.5,0.66,0.5,0.1,0.8
15,3,55,86,75,137,48,139,71,107,0.33,0.45,0.5,0.52,0.41,0.53,0.5,0.66,0.5,0.49
64,4,65,40,68,116,48,30,123,132,0.56,0.5,0.2,0,0.57,0.5,0.5,0.53,0.68,0.45
31,67,61,124,82,72,85,142,62,63,0.6,0.25,0.47,0.5,0.55,0.51,0.6,0.5,0.48,0.5
16,134,63,65,72,8,97,139,57,50,0.51,0.48,0,0.47,0.51,0.52,0,0.45,0.49,0
39,55,114,53,133,36,27,118,142,90,0.51,0.5,0.5,0.7,0.49,0.49,0.48,0.5,0.49,0.49
46,75,61,55,39,25,27,40,66,52,0.5,0.71,0.47,0.55,0.75,0.51,0.57,0.76,0.63,0.68
120,116,125,37,62,133,114,10,58,3,0.5,0.5,0.52,0.75,0.48,0.42,0.4,0.55,0.49,0.48
19,82,137,27,42,135,113,48,76,43,0.71,0.57,0.59,0.46,0,0.5,0.53,0.5,0.5,0.49
85,76,43,27,109,48,135,53,78,86,0.63,0.58,0.49,0.53,0.61,0.5,0.5,0.59,0.66,0.5
117,63,130,97,59,85,48,62,11,120,0,0,0.61,0.16,0.58,0.63,0.5,0.48,0.1,0.5
43,117,37,116,113,114,125,62,61,89,0.49,0.66,0.54,0.58,0.5,0.57,0.4,0.48,0.47,0.53
106,101,64,53,65,23,111,75,47,50,0.58,0.51,0.53,0.92,0.61,0.49,0.53,0.5,0.62,0.62
67,64,27,130,91,3,78,5,46,116,0.5,0.52,0.57,0.1,0.56,0.1,0.52,0.66,0.57,0.78
3,40,27,66,5,116,96,2,48,26,0.5,0.33,0.63,0.5,0.56,0.48,0.1,0.54,0.5,0.55
116,96,2,48,26,3,40,27,66,5,0.48,0.1,0.54,0.5,0.55,0.5,0.33,0.63,0.5,0.56
35,97,48,67,59,75,5,68,116,65,0,0.1,0.5,0.54,0.51,0.51,0.45,0.66,0.54,0.26
75,5,68,116,65,35,97,48,67,59,0.51,0.45,0.66,0.54,0.26,0,0.1,0.5,0.54,0.51
43,27,136,67,96,135,50,49,44,3,0.49,0.53,0.68,0.52,0.6,0.5,0.5,0.1,0.47,0.75
30,37,44,72,75,40,70,27,35,12,0,0.6,0.51,0.51,0,0.5,0.49,0.48,0.1,0.57
40,70,27,35,12,30,37,44,72,75,0.5,0.49,0.48,0.1,0.57,0,0.6,0.51,0.51,0
24,136,36,48,63,28,27,1,130,80,0.66,0.5,0.49,0.5,0.51,0.75,0.5,0.49,0.5,0.5
88,108,96,27,68,139,36,65,14,115,0,0.5,0.51,0.6,0.1,0.5,0.49,0,0,0.66
45,125,135,76,136,49,36,31,142,108,0.5,0.64,0.5,0.1,0.55,0.59,0.6,0.33,0.33,0
103,135,120,4,65,14,27,36,2,93,0.61,0.5,0.5,0.62,0.5,0.33,0.45,0,0.48,0
105,50,103,117,40,20,113,51,134,27,0.58,0.57,0.61,0.49,0.4,0.47,0.5,0.33,0.66,0.44
115,27,134,55,135,48,78,74,121,142,0.6,0.45,0.58,0.39,0.5,0.5,0.1,0.33,0.53,0.53
104,79,139,95,37,3,130,62,27,106,0,0.1,0.66,0.57,0.1,0.5,0.64,0.48,0.47,0.66
88,20,48,69,62,91,30,3,116,125,0,0.5,0.5,0.25,0.48,0.76,0.62,0.59,0.6,0.56
111,62,3,98,71,105,77,97,116,27,0.53,0.48,0.2,0.52,0.5,0.68,0.5,0.68,0.51,0.5
40,46,3,81,14,26,49,54,140,113,0.58,0.5,0.6,0.47,0.51,0.5,0.71,0.52,0.57,0.58
2,86,125,93,116,8,91,40,97,107,0.1,0.6,0.52,0.2,0,0.2,0.52,0.46,0.5,0.49
33,106,71,79,48,68,67,61,86,27,0.62,0.1,0.5,0.63,0.5,0.33,0.51,0.47,0,0.2
68,67,61,86,27,33,106,71,79,48,0.33,0.51,0.47,0,0.2,0.62,0.1,0.5,0.63,0.5
86,12,48,67,54,87,97,15,55,134,0.53,0.44,0.5,0.53,0.5,0.5,0.1,0.81,0.5,0.5
125,16,4,79,95,15,28,20,40,107,0.6,0.75,0.48,0.69,0.7,0.46,0.25,0.33,0.41,0
134,27,26,106,47,15,131,48,115,112,0.52,0.55,0.51,0.53,0.58,0.64,0.53,0.5,0.57,0.28
133,43,68,90,5,89,47,26,115,136,0.1,0.49,0.1,0.66,0.66,0.38,0.46,0.5,0.69,0.33
55,15,79,116,135,65,85,140,71,78,0.41,0.37,0.25,0.41,0.5,0.5,0.1,0.6,0.5,0.5
65,85,140,71,78,55,15,79,116,135,0.5,0.1,0.6,0.5,0.5,0.41,0.37,0.25,0.41,0.5
125,55,112,88,39,37,27,75,62,50,0.46,0.45,0,0.45,0.28,0.52,0.5,0.51,0.48,0
60,12,5,85,18,130,71,78,128,65,0.51,0.5,0.5,0.75,0.49,0,0.5,0,0.4,0.33
62,70,27,136,116,46,79,51,33,126,0.48,0.49,0.5,0.59,0.66,0,0.42,0.5,0,0
120,89,93,58,15,63,77,27,43,110,0.5,0.48,0.53,0.6,0.43,0.42,0.56,0.41,0.49,0.55
109,77,65,69,88,140,48,68,51,71,0.33,0.5,0.25,0.33,0,0.49,0.5,0.5,0.65,0.5
55,54,13,2,104,84,125,27,12,82,0.47,0.45,0.48,0.55,0.5,0.1,0.91,0.85,0.5,0.75
78,54,71,136,72,88,79,125,101,93,0.5,0.5,0.5,0.5,0.51,0.28,0.33,0.57,0.53,0.33
33,77,140,78,57,54,8,76,85,71,0.5,0.6,0.42,0.5,0.49,0.59,0.7,0.39,0.55,0.5
78,37,29,15,97,125,39,84,62,106,0.68,0.33,0.49,0.5,0.27,0.1,0.52,0.66,0.48,0.58
125,39,84,62,106,78,37,29,15,97,0.1,0.52,0.66,0.48,0.58,0.68,0.33,0.49,0.5,0.27
94,136,22,39,75,101,16,129,87,125,0.51,0.45,0.26,0,0,0.62,0.75,0.52,0.5,0.58
88,40,91,72,93,27,134,119,120,36,0.64,0.56,0.73,0.51,0.55,0.54,0.48,0,0.5,0.5
61,27,129,57,50,124,75,95,62,139,0.47,0.48,0.47,0.49,0.6,0.3,0.45,0.3,0.48,0.33
15,83,66,44,30,40,29,43,8,13,0.5,0.52,0.31,0.44,0.3,0.7,0.44,0.49,0.51,0.51
115,67,77,93,8,82,79,75,137,27,0.36,0.66,0.47,0.6,0.55,0.5,0.52,0.53,0.57,0.36
48,40,135,116,82,77,100,2,62,125,0.5,0,0.5,0.16,0.6,0.63,0.58,0.49,0.48,0.44
52,76,100,79,46,61,22,80,113,115,0.6,0.32,0,0.33,0.49,0.47,0.1,0.53,0.5,0.55
71,129,33,134,46,79,69,86,39,48,0.5,0,0.29,0.42,0.66,0.51,0.1,0.69,0.77,0.5
63,65,44,40,139,8,67,71,68,2,0.45,0.71,0.76,0,0.38,0.5,0.68,0.5,0.66,0.6
26,75,48,50,9,124,68,71,143,27,0.49,0.48,0.5,0.25,0.54,0.55,0.5,0.5,0.52,0.57
57,48,78,50,125,134,71,95,27,88,0.49,0.5,0.54,0.5,0.75,0.65,0.5,0,0.42,0.66
134,71,95,27,88,57,48,78,50,125,0.65,0.5,0,0.42,0.66,0.49,0.5,0.54,0.5,0.75
116,43,97,60,68,3,40,104,57,64,0.5,0.49,0.1,0.51,0.71,0.45,0.53,0.55,0.49,0
109,36,9,47,63,112,100,27,80,30,0.6,0.1,0.54,0.73,0.35,0,0.5,0.66,0.63,0.53
75,43,63,47,132,52,48,32,36,143,0.76,0.49,0.59,0.33,0.66,0.61,0.5,0.52,0.54,0.57
78,48,82,61,130,64,129,27,4,37,0.63,0.5,0.59,0.47,0.66,0,0.47,0.62,0.61,0.5
109,107,27,51,93,20,48,42,5,2,0.63,0.5,0.55,0.57,0.72,0.4,0.5,0.46,0.56,0.52
72,62,28,125,64,87,90,109,8,5,0.51,0.48,0.64,0.57,0.52,0.5,0.66,0,0.71,0.56
81,115,62,61,47,87,6,50,27,121,0.72,0.66,0.48,0.47,0.2,0.68,0.49,0.72,0.56,0.47
56,109,29,48,43,28,62,27,139,44,0.58,0.51,0.56,0.5,0.49,0.52,0.48,0.46,0.4,0.6
136,140,48,51,4,106,142,65,26,95,0.66,0.7,0.5,0.65,0.5,0.63,0.1,0.72,0.53,0.5
68,136,125,109,31,12,130,140,43,48,0.33,0.31,0.55,0.45,0.5,0.6,0.35,0.7,0.49,0.5
26,100,67,134,46,104,126,108,135,125,0.58,0.5,0.68,0.5,0.57,0.5,0.65,0.52,0.5,0.58
107,8,69,40,101,31,137,61,48,5,0.5,0.5,0.49,0.5,0.64,0.57,0.75,0.47,0.5,0.75
26,109,78,117,40,71,33,96,48,31,0.66,0,0.33,0.25,0.42,0.5,0.25,0.75,0.5,0.57
15,63,68,23,28,128,71,75,109,8,0.55,0,0.41,0.49,0.5,0.1,0.5,0.53,0.62,0.69
40,26,133,134,52,27,50,109,43,45,0.47,0.65,0.55,0.7,0.1,0.48,0,0.6,0.49,0.66
69,8,71,75,20,3,34,122,27,78,0.66,0.58,0.5,0.63,0.46,0.4,0.1,0.33,0.48,0.57
79,27,136,92,95,123,47,75,62,134,0.4,0.47,0.52,0.51,0.64,0.62,0.63,0.5,0.48,0.5
23,121,13,67,62,113,26,107,27,137,0.49,0.3,0.66,0.8,0.48,0.44,0.52,0.5,0.45,0.5
123,12,15,136,25,107,64,47,74,35,0.83,0.48,0.76,0.66,0.61,0.59,0.47,0.61,0.25,0.47
126,12,72,93,71,131,109,75,15,115,0,0,0.51,0.44,0.5,0.68,0.41,0.33,0.28,0.6
16,10,67,44,8,65,116,85,134,91,0.1,0.1,0.76,0.75,0.75,0.47,0.58,0.59,0,0.33
65,116,85,134,91,16,10,67,44,8,0.47,0.58,0.59,0,0.33,0.1,0.1,0.76,0.75,0.75
31,75,115,117,86,119,128,48,127,130,0.47,0.51,0.54,0.63,0.58,0.52,0.56,0.5,0.52,0.4
141,43,76,37,48,62,125,30,107,27,0.66,0.49,0.51,0.51,0.5,0.48,0.54,0,0.49,0.48
65,139,111,71,85,61,123,135,112,86,0.55,0.57,0.53,0.5,0.46,0.47,0.66,0.5,0.66,0.53
2,85,25,141,125,42,37,48,113,55,0.46,0.6,0.33,0.7,0.48,0.51,0.36,0.5,0.5,0.53
109,136,91,7,117,95,94,15,86,67,0.71,0.63,0.66,0.5,0.8,0.42,0,0.48,0.27,0.46
95,94,15,86,67,109,136,91,7,117,0.42,0,0.48,0.27,0.46,0.71,0.63,0.66,0.5,0.8
17,125,116,55,85,44,138,65,67,106,0.63,0.52,0.7,0,0.5,0.46,0.63,0.5,0.51,0.6
44,97,27,88,37,4,65,25,136,32,0.46,0.1,0.58,0.33,0.58,0.55,0.54,0.5,0.66,0
58,63,109,123,72,116,49,80,136,68,0.22,0.47,0.5,0.5,0.51,0.55,0.8,0.52,0.51,0.46
116,49,80,136,68,58,63,109,123,72,0.55,0.8,0.52,0.51,0.46,0.22,0.47,0.5,0.5,0.51
85,84,51,63,79,2,18,62,66,121,0.61,0.1,0.71,0.55,0.75,0.55,0.49,0.48,0.59,0.59
110,15,33,4,135,39,51,84,107,27,0.71,0.25,0.5,0.57,0.5,0.51,0.66,0.52,0.52,0.49
65,88,136,96,62,63,48,30,23,55,0.42,0.5,0.71,0.5,0.48,0.51,0.5,0.51,0.49,0.5
27,32,111,61,78,124,106,125,113,5,0.58,0.1,0.53,0.47,0.63,0.5,0,0.8,0.37,0.63
134,12,125,71,47,95,67,91,27,48,0.55,0.46,0.52,0.5,0.47,0.52,0.51,0.33,0.44,0.5
1,27,116,62,67,115,75,44,134,124,0.61,0.54,0.37,0.48,0.37,0.44,0.5,0.6,0.55,0.66
44,65,12,135,139,47,136,96,128,88,0.5,0.47,0.1,0.5,0.66,0.33,0.66,0.42,0.1,0
88,121,59,47,67,53,136,71,76,48,0.39,0.16,0,0.42,0.62,0.55,0.1,0.5,0.88,0.5
94,15,143,61,62,86,107,52,125,58,0.51,0.61,0.42,0.47,0.48,0.49,0.58,0.27,0.51,0.54
107,72,43,69,50,48,28,71,30,137,0.46,0.51,0.49,0.64,0.45,0.5,0.53,0.5,0,0.25
81,88,6,20,48,116,142,37,86,65,0.55,0.7,0.56,0.66,0.5,0.64,0.5,0.62,0.57,0.48
130,20,62,136,143,125,95,109,66,55,0.56,0.54,0.48,0.25,0.53,0.52,0.64,0.57,0.1,0.5
44,130,48,3,88,23,92,47,138,30,0.48,0.52,0.5,0.6,0.42,0.49,0.51,0.63,0.53,0.66
15,125,21,135,31,101,50,27,113,126,0.25,0.52,0.43,0.5,0.5,0.5,0.54,0.36,0.33,0.44
72,54,66,115,123,102,138,8,63,136,0.51,0.52,0.51,0.57,0.57,0.51,0.53,0.5,0.42,0.66
63,78,99,130,125,72,54,71,15,136,0.41,0.47,0.4,0.33,0.66,0.51,0.52,0.5,0.56,0.5
72,54,71,15,136,63,78,99,130,125,0.51,0.52,0.5,0.56,0.5,0.41,0.47,0.4,0.33,0.66
19,37,47,67,54,48,73,136,3,116,0.78,0.55,0.6,0.55,0.65,0.5,0.49,0.5,0.32,0.53
54,84,71,4,47,19,33,85,60,43,0.52,0.4,0.5,0.4,0.88,0.52,0.83,0.51,0.51,0.49
36,109,42,62,46,139,44,123,67,48,0.6,0.52,0.5,0.48,0.75,0.47,0,0.61,0.53,0.5
139,44,123,67,48,36,109,42,62,46,0.47,0,0.61,0.53,0.5,0.6,0.52,0.5,0.48,0.75
24,82,66,20,48,58,33,75,126,27,0.2,0.41,0.3,0.58,0.5,0.33,0.66,0.54,0.5,0.68
65,4,93,58,84,27,69,43,116,78,0.51,0.59,0.4,0.57,0.5,0.52,0.46,0.49,0.58,0.55
27,69,43,116,78,65,4,93,58,84,0.52,0.46,0.49,0.58,0.55,0.51,0.59,0.4,0.57,0.5
97,16,104,3,135,68,37,14,65,53,0.25,0,0.58,0.27,0.5,0.68,0.51,0.66,0.5,0.57
17,67,68,48,25,89,19,12,142,81,0.52,0.25,0.68,0.5,0.38,0.5,0.5,0.53,0.33,0.47
16,67,133,63,103,31,4,57,39,27,0.66,0.51,0.5,0.6,0.5,0.47,0.5,0.49,0.57,0
24,65,58,63,20,67,85,84,8,16,0.6,0.42,0.57,0.1,0.5,0.45,0.2,0.55,0.66,0.51
33,36,28,125,139,65,4,2,119,44,0.66,0.25,0.66,0.56,0.5,0.34,0.1,0.52,0.49,0.5
135,63,20,27,139,55,65,4,2,32,0.5,0.51,0.5,0.62,0.33,0.56,0.47,0.33,0.52,0.6
55,65,4,2,32,135,63,20,27,139,0.56,0.47,0.33,0.52,0.6,0.5,0.51,0.5,0.62,0.33
12,125,95,55,3,63,45,2,62,48,0.1,0.34,0.58,0.54,0.5,0.57,0.5,0.8,0.48,0.5
107,95,25,72,109,44,115,117,31,61,0.55,0.52,0.1,0.51,0.1,0.5,0.47,0.49,0.53,0.47
44,115,117,31,61,107,95,25,72,109,0.5,0.47,0.49,0.53,0.47,0.55,0.52,0.1,0.51,0.1
130,71,67,125,20,85,27,81,86,111,0.5,0.5,0.41,0.64,0.5,0.58,0.5,0.49,0.5,0.53
85,27,81,86,111,130,71,67,125,20,0.58,0.5,0.49,0.5,0.53,0.5,0.5,0.41,0.64,0.5
40,83,27,36,106,116,44,105,120,15,0.4,0.8,0.42,0.5,0.51,0.5,0.1,0.1,0.5,0.51
116,113,74,27,109,15,139,20,67,55,0.56,0.51,0.52,0.8,0.53,0.58,0.44,0.49,0.58,0.45
45,141,78,26,47,80,16,60,57,10,0.66,0.62,0.1,0.45,0.54,0.39,0,0.51,0.49,0.66
110,17,48,81,103,97,135,30,106,15,0.5,0.1,0.5,0.47,0.5,0.54,0.5,0.51,0.72,0.37
95,88,52,36,125,31,121,20,62,45,0.33,0.1,0.49,0.49,0.52,0.61,0.52,0.48,0.48,0.54
24,69,54,48,12,33,132,10,65,75,0.57,0.53,0.44,0.5,0,0.36,0.55,0.5,0.25,0.1
39,84,72,87,51,75,101,136,33,61,0.53,0.48,0.51,0.5,0.51,0.57,0.5,0.5,0.36,0.47
75,101,136,33,61,39,84,72,87,51,0.57,0.5,0.5,0.36,0.47,0.53,0.48,0.51,0.5,0.51
120,25,48,78,97,43,107,125,32,136,0.5,0.5,0.5,0.45,0,0.49,0.55,0.1,0.5,0.76
43,107,125,32,136,120,25,48,78,97,0.49,0.55,0.1,0.5,0.76,0.5,0.5,0.5,0.45,0
116,125,140,8,71,61,122,45,13,104,0,0.5,0.62,0.53,0.5,0.47,0.69,0.64,0.57,0.1
92,47,141,116,3,77,23,25,65,72,0.51,0,0,0.55,0.51,0.42,0.49,0.66,0.54,0.51
77,23,25,65,72,92,47,141,116,3,0.42,0.49,0.66,0.54,0.51,0.51,0,0,0.55,0.51
139,125,15,75,71,135,38,65,134,106,0.33,0.5,0.49,0.3,0.5,0.5,0.51,0.45,0.45,0.23
138,15,98,136,95,125,29,43,54,68,0.5,0.48,0.59,0.6,0.52,0.57,0.43,0.49,0.52,0.46
125,29,43,54,68,138,15,98,136,95,0.57,0.43,0.49,0.52,0.46,0.5,0.48,0.59,0.6,0.52
107,136,54,27,95,79,82,20,111,60,0.54,0.5,0.37,0.57,0.44,0.42,0.66,0,0.53,0.51
27,19,130,111,73,40,72,61,4,2,0.63,0.47,0.54,0.53,0.49,0.48,0.51,0.47,0.38,0.81
65,88,115,110,44,75,47,113,81,130,0.25,0.55,0.5,0.5,0.75,0.5,0.35,0.42,0.66,0.57
23,27,12,109,81,142,65,93,86,63,0.49,0.1,0.5,0.5,0.2,0,0.47,0.52,0,0.34
57,51,4,48,136,65,124,68,5,63,0.49,0.51,0.35,0.5,0.1,0.47,0.48,0.1,0,0.5
65,124,68,5,63,57,51,4,48,136,0.47,0.48,0.1,0,0.5,0.49,0.51,0.35,0.5,0.1
73,129,75,69,15,19,3,6,47,44,0.49,0.75,0.28,0.46,0.56,0,0,0,0.56,0.7
107,27,95,55,129,47,54,20,81,32,0.5,0.43,0.53,0.36,0.48,0.57,0.53,0.32,0.5,0.2
44,120,128,125,116,141,71,47,113,68,0.47,0.5,0.61,0,0.5,0.1,0.5,0.52,0.51,0.39
80,116,84,44,47,130,63,64,45,43,0.5,0.35,0.75,0.47,0.52,0.57,0.62,0.43,0.51,0.49
130,71,61,48,107,56,69,122,15,11,0.58,0.5,0.47,0.5,0.42,0.57,0.6,0.68,0.83,0.1
125,116,33,1,71,62,56,30,78,48,0.66,0.1,0.5,0.7,0.5,0.48,0.57,0.6,0.61,0.5
75,27,43,86,116,113,68,107,119,46,0.51,0.14,0.49,0.5,0.63,0.8,0.51,0.8,0.47,0.56
107,67,136,25,65,24,27,12,55,142,0.8,0.7,0.5,0.35,0,0.77,0.51,0.1,0.5,0.75
109,22,12,2,91,75,27,132,101,68,0.72,0.25,0,0.22,0.1,0.66,0.25,0,0.71,0.26
82,120,11,102,72,54,139,48,63,121,0.62,0.5,0.53,0.61,0.51,0.52,0.5,0.5,0.52,0.53
62,136,67,20,27,52,47,43,14,130,0.48,0.64,0.65,0.65,0.55,0.5,0.52,0.49,0.4,0
120,86,27,20,92,133,95,139,80,116,0.5,0.54,0.66,0.72,0.51,0.66,0.54,0.48,0.62,0.1
49,28,100,104,116,82,123,12,106,125,0.59,0.66,0.61,0.1,0.3,0.67,0.5,0.52,0,0.33
48,52,1,116,37,107,26,104,127,102,0.5,0.3,0.46,0.56,0.51,0.54,0.28,0,0.52,0.7
67,62,137,142,15,124,76,27,51,29,0.54,0.48,0.1,0.66,0.66,0.66,0.46,0.5,0.33,0.5
40,81,126,27,116,109,104,12,135,130,0.55,0.45,0.5,0.75,0.1,0.39,0.5,0,0.5,0.59
109,104,12,135,130,40,81,126,27,116,0.39,0.5,0,0.5,0.59,0.55,0.45,0.5,0.75,0.1
30,71,48,95,35,27,33,99,135,53,0.51,0.5,0.5,0.5,0.5,0.53,0.6,0.56,0.5,0.53
27,33,99,135,53,30,71,48,95,35,0.53,0.6,0.56,0.5,0.53,0.51,0.5,0.5,0.5,0.5
43,106,27,23,96,21,97,63,85,125,0.49,0.59,0.39,0.49,0.63,0.51,0,0.51,0.48,0.62
88,15,136,94,137,52,44,27,75,98,0.1,0.54,0.71,0.1,0.59,0.5,0.71,0,0.62,0.61
52,44,27,75,98,88,15,136,94,137,0.5,0.71,0,0.62,0.61,0.1,0.54,0.71,0.1,0.59
136,138,106,6,65,56,62,8,54,29,0,0.49,0.66,0.51,0.47,0.5,0.48,0.52,0.52,0
138,93,67,27,62,57,13,46,139,119,0.49,0.5,0.51,0.48,0.48,0.49,0.48,0.47,0.5,0.47
47,43,125,127,54,20,120,15,107,99,0.58,0.49,0.58,0.52,0.59,0.49,0.5,0.51,0.57,0.75
63,104,61,91,45,76,27,69,130,135,0.59,0.5,0.47,0.53,0,0.58,0.48,0.33,0.43,0.5
76,27,69,130,135,63,104,61,91,45,0.58,0.48,0.33,0.43,0.5,0.59,0.5,0.47,0.53,0
37,28,78,27,120,20,127,81,46,10,0.53,0,0.43,0.66,0.5,0.51,0.52,0.61,0.66,0.5
95,81,116,27,36,47,25,44,69,127,0.56,0.8,0.51,0.51,0.8,0.65,0.66,0.51,0.4,0.52
6,20,46,99,88,136,125,68,86,67,0.5,0.49,0.28,0.5,0.55,0.63,0.1,0.5,0.52,0.46
3,143,117,120,58,113,27,63,67,55,0.5,0.52,0.38,0.5,0.53,0.62,0.41,0.53,0.51,0.55
8,116,86,20,126,13,65,136,137,43,0.1,0.5,0.53,0.55,0.5,0.54,0.66,0.6,0.62,0.49
62,78,49,111,68,100,48,113,51,71,0.48,0.49,0.66,0.53,0.4,0.5,0.5,0.57,0.7,0.5
77,136,125,116,62,87,43,48,72,76,0.49,0.4,0.55,0.41,0.48,0.47,0.49,0.5,0.51,0
62,136,130,108,124,134,29,51,8,81,0.48,0.5,0.61,0.2,0.48,0.66,0.83,0.5,0.43,0.47
134,29,51,8,81,62,136,130,108,124,0.66,0.83,0.5,0.43,0.47,0.48,0.5,0.61,0.2,0.48
3,113,80,75,15,54,65,13,78,44,0.33,0.57,0.39,0.36,0.5,0.4,0.57,0.57,0.56,0.52
75,125,107,36,100,54,62,46,42,64,0.73,0.62,0.56,0.1,0.66,0.5,0.48,0.47,0.35,0.5
113,101,114,72,40,16,48,29,75,71,0.54,0.5,0.5,0.51,0.42,0.59,0.5,0.1,0.62,0.5
36,8,75,129,40,27,13,139,1,62,0.57,0.66,0.37,0.37,0.33,0.56,0.66,0.5,0.5,0.48
27,13,139,1,62,36,8,75,129,40,0.56,0.66,0.5,0.5,0.48,0.57,0.66,0.37,0.37,0.33
96,22,67,91,93,124,116,54,118,98,0.58,0.5,0.59,0.67,0.47,0.48,0.63,0.5,0.66,0.71
62,27,68,40,7,9,23,72,109,106,0.48,0.54,0.57,0.45,0.38,0.54,0.49,0.51,0.6,0.51
55,47,86,136,116,36,107,103,68,104,0.66,0,0,0.1,0.52,0.49,0.56,0.6,0.49,0.62
38,136,68,39,90,135,77,70,127,125,0.55,0.5,0.49,0.5,0.49,0.5,0.33,0.37,0.52,0.5
135,77,70,127,125,38,136,68,39,90,0.5,0.33,0.37,0.52,0.5,0.55,0.5,0.49,0.5,0.49
35,130,77,49,14,123,45,28,15,81,0.1,0.58,0.51,0.1,0.87,0.35,0.51,0.46,0.33,0
123,45,28,15,81,35,130,77,49,14,0.35,0.51,0.46,0.33,0,0.1,0.58,0.51,0.1,0.87
75,55,120,48,103,126,4,27,59,58,0.45,0.1,0.5,0.5,0.53,0.48,0,0.5,0.42,0.5
139,4,26,27,18,67,30,72,40,128,0.42,0.5,0,0.8,0.49,0.41,0.5,0.51,0.6,0
96,2,65,106,88,116,27,68,122,101,0.51,0.54,0.4,0.55,0.66,0.5,0.5,0.5,0,0.4
125,31,28,86,71,15,107,1,44,79,0.52,0,0.33,0.33,0.5,0.1,0.44,0.49,0.37,0.12
125,66,105,93,53,38,6,2,1,58,0.52,0.3,0.52,0.5,0.55,0.49,0.51,0.65,0.49,0.49
38,6,2,1,58,125,66,105,93,53,0.49,0.51,0.65,0.49,0.49,0.52,0.3,0.52,0.5,0.55
86,46,2,31,103,51,87,94,22,107,0.41,0.1,0.57,0,0.5,0.33,0.64,0.1,0.52,0.66
86,134,116,65,90,96,141,143,72,71,0.53,0.48,0.5,0.35,0.57,0.51,0.85,0.61,0.51,0.5
72,53,1,86,106,143,88,37,20,48,0.51,0.5,0.5,0.55,0.53,0.53,0.33,0.51,0.53,0.5
30,59,75,47,135,62,45,8,79,115,0.54,0.5,0.5,0.6,0.5,0.48,0.53,0.62,0.5,0.55
88,65,130,33,109,97,119,5,27,116,0.5,0.54,0.54,0.5,0.5,0.63,0.53,0.1,0.53,0.62
109,75,115,48,126,63,40,46,62,113,0.33,0.38,0.5,0.5,0.62,0.51,0.6,0.63,0.48,0.52
31,125,62,109,2,84,101,76,27,100,0.2,0.42,0.48,0.55,0.39,0.56,0.5,0.5,0.48,0.53
84,101,76,27,100,31,125,62,109,2,0.56,0.5,0.5,0.48,0.53,0.2,0.42,0.48,0.55,0.39
62,27,40,136,12,46,11,71,45,78,0.48,0.45,0.29,0.6,0.25,0.54,0.41,0.5,0.45,0.58
71,107,13,46,87,22,86,126,40,91,0.5,0.53,0.28,0.54,0.63,0.55,0.4,0.43,0.48,0
116,22,2,43,20,123,3,78,27,84,0.5,0.55,0.68,0.49,0.4,0.48,0.64,0.64,0.36,0.6
116,49,58,61,93,43,107,89,125,20,0,0.43,0.64,0.47,0.6,0.49,0.49,0.47,0.75,0.77
43,107,89,125,20,116,49,58,61,93,0.49,0.49,0.47,0.75,0.77,0,0.43,0.64,0.47,0.6
120,90,77,135,22,27,106,109,52,119,0.5,0.13,0.5,0.5,0,0.41,0.52,0.54,0.5,0.47
104,91,87,113,106,107,39,48,61,98,0.52,0.5,0.5,0.52,0.55,0.5,0.52,0.5,0.47,0.75
125,94,21,33,34,92,123,27,78,64,0.55,0.5,0.5,0.52,0.48,0.51,0.33,0.4,0.66,0.1
115,77,62,116,72,27,88,40,101,128,0.49,0.33,0.48,0.66,0.51,0.73,0.62,0.48,0.2,0
88,71,44,136,27,24,37,90,115,47,0.64,0.5,0.51,0.1,0.1,0.51,0.51,0.49,0.49,0.28
103,136,65,35,88,15,4,64,62,77,0.62,0.44,0.42,0.33,0.64,0.52,0,0.47,0.48,0.33
48,95,3,31,55,45,65,63,43,130,0.5,0.33,0.5,0.5,0.66,0.49,0.75,0.51,0.49,0
71,88,8,40,143,139,28,15,16,25,0.5,0.5,0.66,0.54,0.7,0.5,0.52,0.58,0.51,0.62
142,62,94,104,63,15,71,88,103,64,0.4,0.48,0.53,0,0.44,0.66,0.5,0.43,0.75,0.42
67,48,88,23,92,35,75,20,28,124,0.47,0.5,0.48,0.49,0.51,0.47,0.5,0.4,0.6,0.4
137,135,125,107,52,3,65,138,95,75,0.6,0.5,0.48,0.49,0.47,0.5,0.1,0.49,0.62,0.53
3,92,117,63,130,47,53,135,38,50,0.5,0.51,0.5,0.58,0.47,0.5,0.52,0.5,0.4,0.6
124,80,78,61,109,12,46,2,96,79,0.33,0.1,0.57,0.47,0.75,0.55,0.3,0.68,0.25,0.36
12,46,2,96,79,124,80,78,61,109,0.55,0.3,0.68,0.25,0.36,0.33,0.1,0.57,0.47,0.75
88,142,1,27,28,89,8,43,40,45,0.7,0.2,0.33,0.37,0.66,0,0.44,0.49,0.51,0.3
97,23,121,48,4,27,57,12,125,77,0.33,0.49,0.47,0.5,0.5,0.48,0.49,0.48,0.4,0.49
26,2,79,27,93,135,109,88,49,39,0.75,0.53,0.85,0.5,0.5,0.5,0.41,0.5,0,0.48
51,136,127,27,32,100,135,109,48,20,0.51,0.5,0.52,0.6,0.4,0.48,0.5,0.41,0.5,0.61
76,91,27,84,100,119,10,125,29,111,0.1,0.53,0.46,0.5,0.5,0.5,0.44,0.52,0.49,0.53
48,108,103,116,16,76,27,136,119,68,0.5,0,0.1,0.5,0.33,0.51,0.2,0.47,0.5,0.4
63,51,40,24,57,26,65,142,20,14,0.5,0.51,0.1,0.47,0.49,0.1,0,0.33,0.5,0.47
16,75,31,15,44,82,23,48,127,136,0.51,0.51,0.47,0.75,0.51,0.66,0.49,0.5,0.52,0
50,125,136,69,16,116,1,27,86,73,0.33,0.5,0.5,0.46,0.51,0.61,0.49,0.53,0.5,0.49
20,5,97,125,134,43,28,93,136,124,0.7,0.55,0.6,0.28,0,0.49,0.6,0.52,0.61,0.1
13,136,93,27,105,75,125,68,17,82,0.49,0.46,0.51,0.48,0.47,0.54,0.53,0.25,0.38,0.66
82,109,47,143,73,27,43,85,106,52,0.69,0,0.4,0.47,0.49,0.53,0.49,0.66,0.5,0.52
116,47,91,93,134,53,90,27,87,71,0.39,0.5,0.48,0.22,0.55,0.5,0.1,0.38,0.47,0.5
90,40,27,3,37,42,29,20,82,60,0.42,0.52,0.52,0.43,0.52,0.51,0.57,0.58,0,0.51
27,95,5,76,2,48,20,86,88,79,0.53,0.56,0.64,0.45,0.33,0.5,0.19,0.5,0,0.4
48,20,86,88,79,27,95,5,76,2,0.5,0.19,0.5,0,0.4,0.53,0.56,0.64,0.45,0.33
76,23,10,125,101,37,33,109,48,50,0.5,0.49,0.2,0.33,0.25,0.1,0.1,0.66,0.5,0.76
135,115,106,109,27,91,6,125,139,130,0.5,0.49,0.1,0.1,0.8,0.46,0,0.38,0.47,0.3
91,6,125,139,130,135,115,106,109,27,0.46,0,0.38,0.47,0.3,0.5,0.49,0.1,0.1,0.8
31,134,128,45,48,143,54,64,62,47,0.33,0.37,0.33,0.75,0.5,0.5,0.1,0.5,0.48,0.8
48,143,87,97,62,20,63,137,141,8,0.5,0.77,0.57,0.68,0.48,0.41,0.7,0.33,0.52,0.46
139,48,44,68,135,39,8,63,95,75,0,0.5,0.5,0,0.5,0.6,0.85,0.1,0.45,0.71
39,8,63,95,75,139,48,44,68,135,0.6,0.85,0.1,0.45,0.71,0,0.5,0.5,0,0.5
142,54,138,75,65,88,107,27,87,43,0.75,0.66,0.46,0.51,0,0.77,0.51,0.7,0.55,0.49
48,63,93,97,43,81,76,133,98,77,0.5,0.66,0.56,0.4,0.49,0.53,0.5,0.57,0.8,0.1
97,79,90,133,58,98,27,42,51,95,0,0.48,0,0,0.6,0.5,0.51,0.77,0.1,0.1
65,4,37,142,62,115,27,63,40,101,0,0.33,0,0.46,0.48,0.44,0.48,0.48,0.71,0.75
3,139,72,14,43,8,50,81,86,113,0.48,0.39,0.51,0.48,0.49,0.52,0.5,0.35,0.58,0.56
125,30,62,107,27,75,123,109,22,3,0.6,0.51,0.48,0.63,0.68,0.49,0,0.47,0.66,0
30,56,104,116,71,47,135,139,63,65,0.61,0,0.5,0.61,0.5,0.54,0.5,0.5,0.63,0.65
47,135,139,63,65,30,56,104,116,71,0.54,0.5,0.5,0.63,0.65,0.61,0,0.5,0.61,0.5
104,78,44,116,91,65,75,86,42,128,0.7,0.5,0.72,0.68,0.85,0.33,0.59,0.55,0.4,0.77
49,79,67,128,12,19,99,109,28,71,0.1,0.7,0.42,0,0.48,0.37,0.53,0.41,0.43,0.5
31,54,106,73,47,2,125,56,44,116,0.47,0.52,0.4,0.49,0.5,0.1,0,0.1,0,0.61
33,107,65,31,86,127,125,100,128,88,0,0,0.75,0.55,0,0.52,0.6,0.5,0.6,0.56
86,26,6,77,27,88,104,115,24,127,0.46,0.48,0.5,0.66,0.53,0.6,0.33,0.49,0.46,0.52
67,5,136,56,46,118,12,139,16,65,0.41,0,0.6,0.1,0.9,0.46,0.52,0,0.51,0.47
125,6,88,79,83,28,136,48,4,35,0.52,0.07,0.38,0.46,0.38,0.1,0.37,0.5,0.57,0.6
95,106,136,62,72,54,115,134,132,104,0.43,0.33,0.66,0.48,0.51,0.42,0.75,0.52,0.58,0.52
71,19,47,11,93,77,65,67,10,86,0.5,0.54,0.65,0.37,0.44,0.5,0.69,0.54,0.33,0.52
77,65,67,10,86,71,19,47,11,93,0.5,0.69,0.54,0.33,0.52,0.5,0.54,0.65,0.37,0.44
109,27,62,87,31,101,15,143,68,67,0.47,0.75,0.48,0,0,0.7,0.58,0.5,0.66,0.51
57,76,65,68,136,47,62,85,116,81,0.49,0,0.47,0.75,0.57,0.6,0.48,0.29,0.53,0.5
130,62,116,104,32,48,31,25,6,59,0.49,0.48,0.44,0.8,0.56,0.5,0.51,0.58,0.51,0.59
97,94,41,31,133,88,49,43,3,53,0.62,0.51,0.53,0.51,0.44,0.43,0.66,0.49,0.51,0.58
45,95,12,47,62,119,130,121,82,107,0.5,0,0.53,0.63,0.48,0.53,0.56,0.1,0.55,0.57
31,61,123,37,49,8,96,75,98,50,0.4,0.47,0.33,0.48,0.64,0.52,0.57,0.51,0.52,0.61
136,65,56,4,35,93,60,66,97,58,0.41,0.47,0.5,0.49,0.47,0.1,0.51,0.49,0.42,0.54
27,138,109,14,34,112,45,48,78,86,0.53,0.5,0.56,0.55,0.48,0.46,0.49,0.5,0.48,0.53
45,66,97,27,57,48,109,52,36,31,0.57,0.58,0.5,0.57,0.49,0.5,0.73,0.58,0.33,0.57
88,95,62,48,24,65,130,80,75,136,0.5,0.53,0.48,0.5,0.4,0.47,0.5,0.5,0.48,0.47
86,94,142,4,104,48,115,3,78,43,0.76,0.56,0.83,0.57,0.59,0.5,0.59,0.63,0.64,0.49
110,62,56,27,107,75,72,132,48,97,0.47,0.48,0.65,0.47,0.51,0.58,0.51,0.53,0.5,0.45
67,51,97,27,93,75,47,45,25,113,0.57,0.51,0.45,0.57,0.75,0.4,0.33,0.53,0.42,0.57
45,92,65,6,4,83,48,62,12,10,0.55,0.51,0.37,0.66,0.53,0.54,0.5,0.48,0,0.5
20,52,48,43,88,50,27,62,24,54,0.52,0.1,0.5,0.49,0.6,0,0.5,0.48,0.65,0.56
142,37,70,88,121,28,20,3,27,62,0.1,0.5,0.5,0.5,0.5,0.28,0.52,0.5,0.57,0.48
31,65,45,51,126,75,62,48,3,37,0.5,0.83,0.1,0.59,0.56,0.41,0.48,0.5,0.45,0.66
48,139,37,78,129,117,31,138,136,109,0.5,0.1,0.38,0.75,0.5,0.54,0.66,0.49,0.6,0.47
117,31,138,136,109,48,139,37,78,129,0.54,0.66,0.49,0.6,0.47,0.5,0.1,0.38,0.75,0.5
48,88,10,62,89,27,43,29,53,78,0.5,0.62,0.51,0.48,0.58,0.6,0.49,0.52,0.74,0.46
25,4,15,79,84,27,67,36,136,56,0,0.6,0.52,0.47,0.49,0.64,0.5,0.66,0.71,0.66
2,27,62,76,95,129,8,31,54,25,0.52,0.47,0.48,0.66,0.55,0.51,0.6,0,0.66,0.12
64,62,29,121,66,14,36,16,22,2,0.14,0.48,0.49,0.49,0.45,0.56,0.5,0.58,0.75,0.54
31,136,55,27,39,106,114,37,102,139,0.6,0.25,0.33,0.66,0,0.1,0.1,0.63,0.54,0.65
120,40,31,65,37,62,107,136,125,115,0.5,0.42,0.6,0.6,0.68,0.48,0.1,0.6,0.54,0.1
62,99,27,20,133,66,37,71,125,30,0.48,0.58,0,0,0.6,0.64,0.1,0.5,0.62,0.81
120,34,8,31,86,48,110,45,88,51,0.5,0.3,0,0.48,0.55,0.5,0.5,0.52,0.44,0.51
86,125,12,27,69,104,66,62,19,29,0,0.25,0.62,0.5,0.25,0.5,0.1,0.48,0.1,0.5
40,104,63,94,98,84,57,3,4,48,0.56,0.59,0.52,0.57,0.1,0.5,0.49,0.33,0.66,0.5
68,43,86,125,2,62,106,124,7,69,0.3,0.49,0.48,0.22,0.61,0.48,0.77,0.56,0.5,0.1
24,78,35,48,44,27,40,91,29,63,0.51,0.57,0.47,0.5,0.56,0.67,0.2,0.6,0.51,0.61
27,40,91,29,63,24,78,35,48,44,0.67,0.2,0.6,0.51,0.61,0.51,0.57,0.47,0.5,0.56
127,106,85,133,132,60,13,62,84,44,0.52,0.56,0.48,0,0.5,0.51,0.48,0.48,0.75,0.54
63,31,71,117,59,119,132,53,47,116,0.51,0,0.5,0.49,0.58,0.41,0.49,0.5,0.52,0.5
119,132,53,47,116,63,31,71,117,59,0.41,0.49,0.5,0.52,0.5,0.51,0,0.5,0.49,0.58
33,16,46,56,97,43,142,54,27,4,0.44,0.4,0.4,0.55,0.53,0.49,0.33,0.42,0.55,0.52
39,136,47,107,43,5,72,85,45,27,0.54,0.1,0.1,0.51,0.49,0.5,0.51,0.52,0.28,0.16
2,78,65,106,5,86,56,88,125,44,0,0,0.25,0.52,0.5,0.75,0.63,0.53,0.52,0.51
134,136,87,8,28,143,62,95,2,65,0.48,0.61,0.25,0.5,0.71,0.36,0.48,0,0.43,0.49
125,61,5,107,123,13,37,27,142,23,0.71,0.47,0.5,0.56,0.4,0,0.25,0.42,0.6,0.49
27,13,5,139,68,78,57,97,94,47,0.54,0,0.66,0.66,0.49,0.58,0.49,0.7,0.44,0.48
129,126,43,49,141,33,75,27,71,107,0.33,0.75,0.49,0.57,0.55,0.34,0.33,0.4,0.5,0.48
107,65,139,83,95,45,118,30,63,47,0.49,0.5,0.1,0.55,0.52,0.6,0.1,0.59,0.43,0.5
107,62,15,93,139,77,31,48,142,71,0.53,0.48,0.5,0.5,0.66,0.1,0.66,0.5,0.52,0.5
88,58,61,68,125,72,6,44,79,99,0.4,0.5,0.47,0,0.61,0.51,0.35,0.1,0.6,0.61
88,2,95,48,105,86,125,27,12,44,0.54,0.42,0.7,0.5,0.6,0.56,0.44,0.35,0.1,0
109,99,48,62,45,19,33,98,15,12,0.42,0.59,0.5,0.48,0,0.5,0.57,0.51,0.55,0.75
65,37,2,29,75,85,61,27,78,5,0.25,0.45,0.3,0.5,0.51,0.5,0.47,0.48,0.7,0.48
48,139,109,14,123,43,40,27,86,63,0.5,0.42,0.25,0.66,0.46,0.49,0.64,0,0,0.1
104,2,78,75,40,48,64,62,87,116,0.54,0.53,0,0.69,0.66,0.5,0.42,0.48,0.59,0.3
115,51,3,47,78,107,15,23,142,57,0.68,0,0.16,0.5,0.33,0.6,0.49,0.49,0.1,0.49
107,15,23,142,57,115,51,3,47,78,0.6,0.49,0.49,0.1,0.49,0.68,0,0.16,0.5,0.33
71,110,78,125,16,65,19,3,116,82,0.5,0.1,0.1,0.92,0.48,0.33,0.16,0.54,0.46,0
42,48,3,43,49,107,115,67,27,71,0.58,0.5,0.75,0.49,0.33,0.57,0.61,0.72,0.46,0.5
107,115,67,27,71,42,48,3,43,49,0.57,0.61,0.72,0.46,0.5,0.58,0.5,0.75,0.49,0.33
44,19,65,14,118,71,130,78,75,42,0.47,0.44,0.77,0.47,0.66,0.5,0.52,0.52,0,0.58
59,40,27,88,122,95,8,10,12,81,0.57,0.53,0.5,0.83,0.58,0.58,0.33,0.2,0,0
99,110,77,42,27,135,123,75,117,84,0,0.47,0.49,0.1,0.48,0.5,0.28,0.1,0.49,0.49
135,123,75,117,84,99,110,77,42,27,0.5,0.28,0.1,0.49,0.49,0,0.47,0.49,0.1,0.48
44,109,49,88,57,84,123,8,86,78,0.54,0.57,0.66,0.5,0.49,0.55,0.55,0.66,0.5,0.57
75,39,125,10,35,47,56,105,136,127,0.33,0.45,0.45,0.66,0.56,0.59,0.56,0.67,0.4,0.52
65,43,64,14,96,78,94,18,27,50,0.42,0.49,0.54,0,0.5,0.55,0.5,0.49,0.5,0.47
78,94,18,27,50,65,43,64,14,96,0.55,0.5,0.49,0.5,0.47,0.42,0.49,0.54,0,0.5
135,15,137,76,21,116,47,55,100,53,0.5,0.41,0.67,0.5,0.52,0.5,0.52,0.5,0.33,0.5
139,27,55,86,115,1,15,43,6,35,0.57,0.62,0.4,0.69,0.48,0.62,0.37,0.49,0,0.6
1,15,43,6,35,139,27,55,86,115,0.62,0.37,0.49,0,0.6,0.57,0.62,0.4,0.69,0.48
75,65,40,134,71,107,43,137,61,27,0.41,0.37,0.17,0,0.5,0.55,0.49,0.33,0.47,0.42
117,14,120,93,5,49,4,26,13,85,0.66,0.8,0.5,0.56,0.5,0.66,0,0.56,0.6,0.5
49,4,26,13,85,117,14,120,93,5,0.66,0,0.56,0.6,0.5,0.66,0.8,0.5,0.56,0.5
69,15,109,116,5,101,71,68,125,23,0.49,0.68,0,0.16,0.58,0.66,0.5,0.38,0.5,0.49
86,130,27,75,78,14,15,43,61,77,0.5,0.66,0.57,0.8,0.5,0,0.28,0.49,0.47,0
73,14,57,27,50,15,136,88,37,45,0.49,0.47,0.49,0.66,0.65,0.33,0.5,0,0,0
62,72,33,75,61,2,27,29,57,116,0.48,0.51,0.72,0.59,0.47,0.65,0.77,0.47,0.49,0.51
1,75,42,47,109,52,91,130,125,107,0,0.47,0.51,0.48,0.25,0.56,0.54,0.6,0.6,0.41
116,48,101,2,62,15,44,112,12,58,0,0.5,0.1,0,0.48,0.83,0.1,0.56,0.66,0.1
67,17,57,65,20,40,48,51,62,123,0.51,0.52,0.49,0.38,0.51,0.48,0.5,0.51,0.48,0.49
78,125,91,137,97,27,69,25,44,66,0.42,0.51,0.33,0.66,0.45,0.45,0.53,0.51,0.1,0.33
133,81,116,68,136,125,43,93,27,111,0.5,0.57,0.5,0.46,0.63,0.66,0.49,0.58,0.45,0.53
92,125,63,120,130,135,103,106,127,47,0.51,0.36,0.5,0.5,0.48,0.5,0.5,0.59,0.52,0.1
42,125,131,130,109,116,67,86,48,101,0.51,0.52,0.52,0.33,0.27,0.73,0.51,0.48,0.5,0.5
43,27,56,89,107,91,84,63,22,55,0.49,0.48,0.5,0.5,0.52,0.33,0,0.85,0.66,0
142,125,143,135,137,71,120,81,8,63,0.45,0.62,0.61,0.5,0.57,0.5,0.5,0.53,0.5,0.78
71,120,81,8,63,142,125,143,135,137,0.5,0.5,0.53,0.5,0.78,0.45,0.62,0.61,0.5,0.57
47,116,24,80,96,65,45,3,141,43,0.53,0.1,0.57,0.38,0.5,0.5,0.54,0.5,0.61,0.49
106,131,104,113,3,72,67,7,33,55,0.52,0,0.59,0.52,0.48,0.51,0.58,0.54,0.63,0.4
32,47,134,128,106,75,83,104,130,43,0.77,0,0,0.8,0.52,0.59,0.1,0.55,0.1,0.49
107,27,52,62,123,130,25,78,125,67,0.54,0.48,0.5,0.48,0.6,0.57,0.75,0.28,0.5,0.61
67,27,120,137,121,75,68,16,130,48,0.66,0.53,0.5,0.53,0.44,0.25,0.25,0.57,0.51,0.5
75,68,16,130,48,67,27,120,137,121,0.25,0.25,0.57,0.51,0.5,0.66,0.53,0.5,0.53,0.44
86,4,46,5,29,15,33,107,35,10,0.36,0.48,0.45,0.4,0.16,0.38,0.1,0.49,0.57,0.4
15,33,107,35,10,86,4,46,5,29,0.38,0.1,0.49,0.57,0.4,0.36,0.48,0.45,0.4,0.16
16,52,125,50,108,136,140,28,37,27,0.1,0.5,0.1,0.45,0.5,0.5,0.49,0.58,0.51,0.48
115,116,27,136,25,17,45,4,125,57,0.6,0.5,0.48,0.5,0.75,0.52,0.49,0.48,0.52,0.49
8,106,98,131,31,48,51,77,67,63,0.5,0.54,0.5,0,0.54,0.5,0.33,0.52,0.48,0.5
3,48,50,2,36,78,96,27,43,123,0,0.5,0.45,0.5,0.46,0.75,0.8,0.5,0.49,0.5
136,116,48,27,96,129,31,65,93,44,0.64,0.55,0.5,0.44,0.51,0.6,0.47,0.6,0,0.68
35,90,133,125,58,37,62,84,15,75,0.57,0,0,0.52,0,0.5,0.48,0.1,0.5,0.6
27,12,110,37,26,4,30,117,83,62,0.69,0.62,0.33,0.5,0.59,0.6,0.51,0.49,0.37,0.48
40,25,29,125,75,23,81,64,49,88,0.48,0,0.51,0.45,0.33,0.49,0.84,0.42,0.76,0.47
15,98,134,130,28,27,116,40,53,58,0.58,0.4,0,0.42,0.44,0.43,0.51,0.64,0.54,0.1
117,77,58,76,120,72,116,37,1,20,0.43,0.5,0.36,0.47,0.5,0.51,0.59,0.66,0.87,0.51
136,88,27,115,71,116,43,102,120,48,0.5,0.16,0.33,0.66,0.5,0.56,0.49,0.59,0.5,0.5
103,24,43,48,12,46,1,53,138,116,0,0.33,0.49,0.5,0.5,0.33,0.49,0.5,0.28,0.5
47,107,100,71,22,62,143,40,104,142,0.5,0.66,0.52,0.5,0.41,0.48,0.65,0.48,0.57,0.49
140,119,72,107,95,142,68,44,15,136,0.52,0.47,0.51,0.66,0.52,0.25,0.6,0.44,0.5,0.5
88,57,136,109,8,48,116,93,45,123,0.5,0.49,0.85,0.48,0.63,0.5,0.5,0.51,0.49,0.63
50,47,96,95,57,37,143,27,130,20,0.66,0.4,0.63,0.45,0.49,0.66,0.49,0.46,0,0.26
27,67,61,29,57,75,79,94,93,64,0.1,0.1,0.47,0.54,0.49,0.44,0.5,0.25,0,0
104,62,120,40,134,121,20,25,109,140,0.5,0.48,0.5,0.56,0.57,0,0.15,0.55,0.58,0
93,141,55,84,104,82,75,65,16,19,0.56,0.5,0.48,0.42,0.53,0.72,0.5,0.46,0.46,0.54
125,28,68,86,29,82,24,40,48,13,0.66,0,0.5,0,0.25,0.66,0.62,0.48,0.5,0.63
136,48,102,35,33,65,44,2,34,4,0.8,0.5,0.5,0.47,0.5,0.47,0.57,0.52,0.48,0.5
73,8,67,44,113,27,127,52,20,86,0.49,0.33,0.66,0.66,0.52,0.48,0.52,0.1,0.51,0.53
78,43,49,33,2,136,126,65,62,100,0.54,0.49,0.63,0.5,0.55,0.42,0.5,0,0.48,0.4
23,72,68,116,139,111,62,127,27,107,0.49,0.51,0.6,0.42,0.5,0.53,0.48,0.52,0.41,0.53
43,8,128,78,73,75,79,82,94,65,0.49,0.34,0.58,0.48,0.49,0.48,0.54,0.8,0.51,0.5
107,86,27,35,123,30,125,75,62,47,0.5,0.42,0.38,0,0.49,0.1,0.51,0.48,0.48,0.48
30,125,75,62,47,107,86,27,35,123,0.1,0.51,0.48,0.48,0.48,0.5,0.42,0.38,0,0.49
27,3,9,67,62,48,20,44,75,140,0.35,0.33,0.54,0.63,0.48,0.5,0.5,0.68,0.75,0.33
81,141,136,29,15,30,48,45,44,12,0.2,0.53,0.45,0.44,0,0.5,0.5,0.86,0.5,0.58
83,124,12,71,69,123,48,61,107,38,0.52,0.1,0.1,0.5,0.58,0.4,0.5,0.47,0.49,0.13
133,76,61,59,41,13,57,31,3,48,0.49,0.55,0.47,0.53,0.44,0.33,0.49,0.65,0.85,0.5
13,57,31,3,48,133,76,61,59,41,0.33,0.49,0.65,0.85,0.5,0.49,0.55,0.47,0.53,0.44
109,94,125,4,136,43,86,51,76,130,0.73,0,0.52,0.46,0.6,0.49,0.1,0.63,0.5,0.54
67,125,88,43,27,116,35,120,44,65,0.63,0.5,0.5,0.49,0.43,0.6,0.1,0.5,0.53,0.5
37,124,29,42,69,61,72,44,25,12,0.51,0.48,0.25,0.1,0.53,0.47,0.51,0.51,0.51,0.75
61,72,44,25,12,37,124,29,42,69,0.47,0.51,0.51,0.51,0.75,0.51,0.48,0.25,0.1,0.53
60,136,66,137,62,135,1,112,78,124,0.51,0.1,0.58,0.53,0.48,0.5,0.46,0.2,0.52,0.66
52,106,98,86,65,13,117,64,57,20,0.6,0.52,0.52,0.1,0.47,0.4,0.4,0.1,0.49,0.51
35,16,117,88,40,90,52,48,136,62,0,0.51,0.49,0.5,0.3,0.49,0.5,0.5,0.5,0.48
136,116,135,27,52,40,43,33,48,31,0.54,0.6,0.5,0.61,0,0.68,0.49,0.6,0.5,0.47
88,48,45,43,136,116,65,96,94,85,0.7,0.5,0.45,0.49,0.54,0.25,0.62,0.51,0.5,0.14
66,25,2,104,33,88,44,48,20,24,0.55,0.57,0.62,0.53,0.58,0.5,0.54,0.5,0.66,0.51
29,27,31,135,76,48,63,71,93,84,0.49,0.6,0.75,0.5,0.66,0.5,0.57,0.5,0.33,0.75
78,86,37,104,67,48,138,137,28,3,0.78,0.55,0.7,0.58,0.53,0.5,0.38,0,0,0.54
45,75,62,61,15,106,80,27,139,39,0.55,0.6,0.48,0.47,0.58,0.85,0.55,0.48,0.5,0.51
13,136,86,65,40,100,69,116,57,72,0,0.45,0.5,0.58,0.33,0.5,0.76,0.75,0.49,0.51
4,48,20,126,5,29,31,12,112,91,0.41,0.5,0.69,0.53,0.1,0.62,0.57,0.5,0.75,0.4
84,62,54,134,117,75,19,137,71,72,0.5,0.48,0.42,0.48,0.45,0.36,0.58,0.54,0.5,0.51
113,67,125,131,58,12,51,8,100,142,0.55,0.5,0.75,0.42,0.56,0.4,0.5,0,0.5,0.47
119,30,121,75,35,4,117,95,24,55,0.47,0.5,0.57,0.2,0,0.46,0.63,0.51,0.68,0.74
4,117,95,24,55,119,30,121,75,35,0.46,0.63,0.51,0.68,0.74,0.47,0.5,0.57,0.2,0
27,86,75,72,43,24,50,48,2,115,0,0.53,0.5,0.51,0.49,0.54,0.57,0.5,0.5,0.4
24,50,48,2,115,27,86,75,72,43,0.54,0.57,0.5,0.5,0.4,0,0.53,0.5,0.51,0.49
103,139,61,65,57,44,27,70,52,12,0.5,0.5,0.47,0.47,0.49,0.51,0.5,0.49,0.5,0.71
12,135,139,124,102,123,120,36,133,14,0.1,0.5,0.5,0.55,0.64,0.49,0.5,0.1,0.49,0.47
123,120,36,133,14,12,135,139,124,102,0.49,0.5,0.1,0.49,0.47,0.1,0.5,0.5,0.55,0.64
36,44,48,134,35,126,39,62,136,125,0.49,0.51,0.5,0.48,0.47,0.71,0.51,0.48,0.39,0
121,97,85,37,12,57,33,8,143,125,0.3,0.52,0.53,0,0.61,0.49,0.52,0.66,0.64,0.61
30,125,78,35,44,52,40,13,27,109,0.25,0.52,0.66,0.52,0.7,0.55,0.57,0.78,0.42,0.66
86,104,88,25,84,75,20,125,91,40,0.53,0.53,0.56,0,0.46,0.55,0.52,0.55,0.61,0.58
129,63,5,123,48,109,62,78,22,137,0.25,0.61,0.66,0.49,0.5,0.75,0.48,0.52,0.53,0.59
109,62,78,22,137,129,63,5,123,48,0.75,0.48,0.52,0.53,0.59,0.25,0.61,0.66,0.49,0.5
125,105,114,109,143,15,86,110,99,75,0.6,0.42,0.5,0.5,0.57,0.4,0.53,0.1,0.1,0.61
122,106,47,32,53,119,116,27,43,120,0.52,0.64,0.48,0.51,0.77,0.55,0.33,0.48,0.49,0.5
27,139,81,115,106,122,104,107,51,33,0.61,0.57,0.59,0.33,0.49,0.52,0.1,0.52,0.42,0.55
122,104,107,51,33,27,139,81,115,106,0.52,0.1,0.52,0.42,0.55,0.61,0.57,0.59,0.33,0.49
27,37,3,54,68,29,36,78,53,124,0.43,0.63,0.4,0.6,0,0.66,0.1,0.1,0.48,0.48
29,36,78,53,124,27,37,3,54,68,0.66,0.1,0.1,0.48,0.48,0.43,0.63,0.4,0.6,0
3,43,6,42,125,116,93,27,2,44,0,0.49,0,0.51,0.5,0.6,0.3,0.37,0.66,0.55
44,91,111,27,134,109,95,81,104,116,0.51,0.3,0.53,0.5,0.62,0.36,0.5,0.53,0.54,0.6
61,63,48,20,94,27,2,69,45,43,0.47,0.54,0.5,0.66,0.64,0.5,0.1,0.52,0.51,0.49
27,2,69,45,43,61,63,48,20,94,0.5,0.1,0.52,0.51,0.49,0.47,0.54,0.5,0.66,0.64
27,78,109,125,62,86,3,121,114,95,0.63,0.66,0.62,0.4,0.48,0.66,0.48,0.5,0.7,0.61
80,123,130,72,106,99,77,19,67,60,0.75,0.25,0.47,0.51,0.53,0.49,0.4,0.53,0.33,0.51
76,57,45,15,139,94,22,62,24,143,0.51,0.49,0.7,0.4,0.5,0.5,0.62,0.48,0,0.51
4,75,54,95,27,109,106,40,101,125,0.35,0.5,0.58,0.56,0.48,0.69,0.52,0.57,0.55,0.45
99,45,3,67,27,71,139,48,52,75,0.16,0.41,0.47,0.5,0.56,0.5,0.6,0.5,0.88,0.66
72,109,23,128,126,47,15,103,102,75,0.51,0.28,0.49,0,0.48,0.53,0.44,0.5,0.54,0.28
47,15,103,102,75,72,109,23,128,126,0.53,0.44,0.5,0.54,0.28,0.51,0.28,0.49,0,0.48
78,126,73,15,138,27,107,24,33,44,0.44,0.61,0.49,0.43,0.53,0.52,0.42,0.44,0.53,0.64
23,121,143,52,95,48,61,20,135,50,0.49,0.2,0.56,0.5,0.47,0.5,0.47,0.5,0.5,0.47
48,61,20,135,50,23,121,143,52,95,0.5,0.47,0.5,0.5,0.47,0.49,0.2,0.56,0.5,0.47
104,32,91,107,61,33,26,134,117,101,0.1,0.1,0.54,0.51,0.47,0.66,0.42,0.42,0.55,0.5
75,40,62,115,15,44,97,39,66,125,0.5,0.4,0.48,0.61,0.83,0.5,0.45,0.52,0.33,0.75
110,62,67,142,44,46,81,88,17,4,0.47,0.48,0.51,0.48,0.51,0.57,0.47,0.5,0.52,0.48
46,81,88,17,4,110,62,67,142,44,0.57,0.47,0.5,0.52,0.48,0.47,0.48,0.51,0.48,0.51
116,64,46,51,95,44,66,47,109,40,0.66,0.6,0.1,0.57,0.52,0,0.4,0.53,0.47,0.5
66,121,40,109,100,125,3,35,48,76,0.49,0.63,0.3,0.25,0.42,0.52,0.47,0.4,0.5,0.66
96,116,48,92,67,97,26,76,65,93,0.4,0.66,0.5,0.51,0.66,0,0.51,0.5,0.5,0.57
97,26,76,65,93,96,116,48,92,67,0,0.51,0.5,0.5,0.57,0.4,0.66,0.5,0.51,0.66
25,48,84,122,76,43,12,130,8,96,0.57,0.5,0.5,0.3,0.6,0.49,0.83,0.62,0.6,0.1
43,12,130,8,96,25,48,84,122,76,0.49,0.83,0.62,0.6,0.1,0.57,0.5,0.5,0.3,0.6
14,65,123,53,62,25,84,29,8,76,0.47,0.47,0.4,0.67,0.48,0.62,0.49,0.77,0.66,0.5
125,139,130,31,105,138,136,24,54,4,0.52,0.42,0.58,0.5,0.58,0.62,0.61,0.53,0.43,0.41
27,80,102,97,67,43,48,141,110,85,0.55,0.68,0.57,0.22,0.75,0.49,0.5,0.55,0.56,0.51
4,103,110,62,136,42,44,48,113,40,0.55,0,0.1,0.48,0.5,0.51,0.5,0.5,0.52,0.33
42,44,48,113,40,4,103,110,62,136,0.51,0.5,0.5,0.52,0.33,0.55,0,0.1,0.48,0.5
123,75,48,35,139,3,40,63,65,43,0.5,0.44,0.5,0.5,0.3,0.53,0.48,0.5,0.48,0.49
62,18,130,76,125,53,27,25,63,78,0.48,0.49,0.49,0.51,0.64,0.67,0.48,0.42,0.6,0.38
11,136,71,110,125,27,130,92,4,39,0.51,0.53,0.5,0.6,0.1,0.33,0.66,0.51,0.48,0
88,8,79,40,135,90,84,85,57,27,0.75,0.57,0.64,0.48,0.5,0.3,0,0.5,0.49,0.4
90,84,85,57,27,88,8,79,40,135,0.3,0,0.5,0.49,0.4,0.75,0.57,0.64,0.48,0.5
124,53,68,26,8,12,125,115,75,101,0.48,0.5,0.49,0.51,0.52,0,0.52,0.49,0.51,0.5
113,136,102,54,80,82,28,133,33,57,0.1,0.65,0.55,0.4,0.1,0.05,0.25,0.25,0.5,0.49
84,91,88,67,48,77,128,141,117,125,0.56,0.72,0.62,0.66,0.5,0.62,0.59,0.57,0.49,0.61
27,115,61,78,101,67,20,15,116,28,0.67,0.71,0.47,0.1,0.65,0,0.5,0.25,0,0.55
70,3,50,116,125,14,24,15,40,80,0.45,0.38,0.42,0.28,0.61,0.83,0.56,0.78,0.48,0.48
138,54,116,110,27,43,51,13,46,125,0.4,0.48,0.49,0.51,0.53,0.49,0.61,0.4,0.33,0.22
67,26,23,65,89,123,140,133,55,3,0.6,0.33,0.49,0.3,0,0.66,0.5,0.1,0.73,0.48
15,72,59,35,71,37,135,136,79,48,0.49,0.51,0.58,0,0.5,0.37,0.5,0.43,0.35,0.5
62,126,107,125,113,9,95,37,88,72,0.48,0,0.11,0.52,0.5,0.54,0.65,0.1,0.63,0.51
9,95,37,88,72,62,126,107,125,113,0.54,0.65,0.1,0.63,0.51,0.48,0,0.11,0.52,0.5
27,42,74,127,98,85,117,63,71,78,0.5,0.67,0.57,0.52,0.75,0.83,0,0.55,0.5,0.52
85,117,63,71,78,27,42,74,127,98,0.83,0,0.55,0.5,0.52,0.5,0.67,0.57,0.52,0.75
88,91,48,123,139,62,65,136,23,116,0.5,0.53,0.5,0.5,0.5,0.48,0.45,0.71,0.49,0.37
27,88,85,21,57,127,56,37,15,14,0.71,0.51,0.45,0.33,0.49,0.52,0.44,0.51,0.48,0.52
88,62,136,125,85,27,14,2,122,20,0,0.48,0.2,0.51,0.6,0.71,0.4,0.72,0.59,0.59
37,15,24,75,23,27,53,40,43,4,0.44,0.7,0.66,0.5,0.49,0.7,0.58,0.44,0.49,0.37
59,31,37,27,123,65,4,62,110,91,0.56,0.53,0.49,0.6,0.54,0.65,0.42,0.48,0.5,0.1
65,4,62,110,91,59,31,37,27,123,0.65,0.42,0.48,0.5,0.1,0.56,0.53,0.49,0.6,0.54
125,67,47,116,62,65,95,75,37,84,0,0.52,0.63,0.66,0.48,0.41,0.52,0.1,0.44,0.42
117,138,75,21,54,87,106,120,72,135,0.63,0.62,0.51,0.33,0.55,0.63,0.52,0.5,0.51,0.5
75,63,117,83,71,97,27,67,45,43,0,0.6,0.56,0,0.5,0.5,0.5,0.75,0.5,0.49
97,27,67,45,43,75,63,117,83,71,0.5,0.5,0.75,0.5,0.49,0,0.6,0.56,0,0.5
46,126,2,71,68,12,27,136,24,40,0.47,0.49,0.42,0.5,0.49,0.48,0.48,0.5,0.5,0.48
53,78,125,62,94,86,139,35,14,65,0.23,0.52,0.1,0.48,0.51,0,0.5,0.47,0.47,0.1
48,8,12,113,57,116,65,123,108,132,0.5,0.57,0,0.1,0.49,0.42,0.5,0.36,0.5,0.83
126,27,42,62,93,87,133,75,67,36,0.55,0.54,0.64,0.48,0.1,0.46,0.6,0.52,0.33,0
87,133,75,67,36,126,27,42,62,93,0.46,0.6,0.52,0.33,0,0.55,0.54,0.64,0.48,0.1
126,4,62,100,48,136,23,95,65,14,0.52,0.65,0.48,0.6,0.5,0.1,0.49,0.1,0.63,0.47
125,57,12,20,113,124,141,36,77,139,0.47,0.49,0.14,0.51,0.68,0.55,0.1,0.45,0.49,0
1,139,47,56,109,123,135,18,88,125,0,0.48,0.25,0.6,0.47,0.31,0.5,0.49,0.58,0.47
126,46,55,137,63,109,133,75,62,69,0.49,0.41,0.38,0.55,0.75,0,0,0.42,0.48,0.33
38,77,57,127,68,71,72,12,123,113,0.42,0.36,0.49,0.52,0.4,0.5,0.51,0.75,0.33,0.52
71,72,12,123,113,38,77,57,127,68,0.5,0.51,0.75,0.33,0.52,0.42,0.36,0.49,0.52,0.4
6,65,5,53,67,109,126,33,80,47,0.51,0.5,0.5,0.93,0.5,0.47,0.5,0.52,0,0.52
81,126,97,8,3,44,65,50,24,62,0,0.53,0.47,0.37,0.44,0.51,0.36,0.1,0.47,0.48
113,15,67,20,3,48,95,71,77,126,0.5,0.42,0.5,0.25,0.48,0.5,0.8,0.5,0.52,0.1
62,72,78,82,40,133,6,125,43,31,0.48,0.51,0.54,0.32,0.44,0.1,0.49,0.52,0.49,0.35
36,64,27,13,88,115,78,3,43,133,0.4,0.62,0.22,0.66,0.87,0.49,0.56,0,0.49,0.49
48,45,13,4,92,47,106,78,68,136,0.5,0,0.42,0.51,0.51,0.1,0.1,0.63,0.1,0.1
54,28,136,48,141,107,2,62,8,100,0.44,0.6,0.58,0.5,0.33,0.57,0.54,0.48,0.52,0.33
107,2,62,8,100,54,28,136,48,141,0.57,0.54,0.48,0.52,0.33,0.44,0.6,0.58,0.5,0.33
67,65,138,51,62,129,85,55,75,84,0.45,0.5,0.57,0.51,0.48,0.1,0.42,0.16,0.45,0.49
129,85,55,75,84,67,65,138,51,62,0.1,0.42,0.16,0.45,0.49,0.45,0.5,0.57,0.51,0.48
61,72,36,75,33,143,135,54,53,8,0.47,0.51,0.57,0.78,0,0.46,0.5,0.1,0.1,0.52
67,33,93,52,47,136,58,68,65,134,0.55,0.5,0.66,0.59,0.46,0.5,0.35,0.49,0.1,0.48
71,84,104,67,59,64,68,26,22,50,0.5,0.49,0.25,0.55,0.58,0.57,0,0.43,0.49,0.5
64,68,26,22,50,71,84,104,67,59,0.57,0,0.43,0.49,0.5,0.5,0.49,0.25,0.55,0.58
85,130,62,46,78,104,107,69,81,23,0.64,0.1,0.48,0.47,0.5,0.75,0.39,0.47,0.25,0.49
133,57,85,75,113,8,1,107,86,21,0.87,0.49,0.64,0.45,0.41,0.39,0,0.34,0.33,0.51
53,15,135,131,16,26,3,65,31,10,0.1,0.1,0.5,0.47,0.51,0.4,0.55,0.46,0.16,0.56
67,136,62,95,27,44,72,13,134,86,0.33,0.56,0.48,0.52,0.48,0.51,0.51,0.48,0.48,0.1
88,40,57,39,65,130,107,115,62,46,0.52,0.5,0.49,0.5,0.5,0.49,0.5,0,0.48,0.52
27,136,107,35,87,43,61,48,63,93,0.45,0.52,0.54,0.1,0.1,0.49,0.47,0.5,0.52,0
43,61,48,63,93,27,136,107,35,87,0.49,0.47,0.5,0.52,0,0.45,0.52,0.54,0.1,0.1
56,2,48,63,98,128,45,28,54,47,0.57,0.1,0.5,0.51,0.56,0.2,0.33,0.36,0.5,0.58
44,120,71,15,12,63,65,119,96,40,0.5,0.5,0.5,0.75,0.75,0.5,0.56,0.1,0.1,0.38
96,50,111,48,99,57,69,47,95,107,0.68,0.4,0.53,0.5,0.48,0.49,0.64,0.67,0,0.33
141,13,50,117,55,78,15,86,45,139,0.51,0.53,0.73,0.49,0.71,0.64,0.66,0,0.56,0.36
18,121,100,26,141,19,16,85,116,27,0.49,0.66,0.1,0.66,0.51,0,0.33,0.61,0.63,0.45
89,128,88,27,52,137,110,91,104,12,0.6,0.37,0.5,0.5,0.33,0.61,0.1,0.66,0.54,0.75
85,140,133,90,55,8,132,115,127,3,0.85,0.55,0.64,0.57,0.72,0,0.48,0.51,0.52,0.52
59,22,113,63,51,119,94,143,86,27,0.36,0.33,0.83,0.57,0.66,0.52,0.5,0.45,0.61,0.54
76,33,108,62,46,51,136,25,27,67,0.44,0,0,0.48,0.47,0.75,0.56,0.81,0.57,0.49
127,32,125,75,37,57,28,95,48,142,0.52,0.5,0.52,0.25,0.55,0.49,0.66,0.5,0.5,0.62
25,83,61,13,125,136,47,12,80,23,0.58,0.52,0.47,0.68,0.55,0.27,0.64,0.66,0.5,0.49
28,130,1,43,65,48,12,62,113,54,0.58,0.49,0.54,0.49,0.5,0.5,0.5,0.48,0.51,0.53
48,12,62,113,54,28,130,1,43,65,0.5,0.5,0.48,0.51,0.53,0.58,0.49,0.54,0.49,0.5
19,35,48,97,7,2,37,45,125,66,0.64,0.4,0.5,0.47,0.57,0.5,0.1,0.49,0.52,0.49
52,72,79,127,36,40,14,65,62,11,0.2,0.51,0.52,0.52,0.49,0.48,0.45,0,0.48,0.51
40,14,65,62,11,52,72,79,127,36,0.48,0.45,0,0.48,0.51,0.2,0.51,0.52,0.52,0.49
108,16,142,17,12,88,27,138,52,115,0.59,0.51,0.49,0.52,0.48,0.5,0.48,0.49,0.2,0.44
27,107,6,28,68,104,85,108,113,51,0.48,0.56,0.51,0.47,0,0.57,0.46,0.59,0.55,0.6
87,48,116,26,139,102,65,31,86,52,0.5,0.5,0.6,0.61,0,0.51,0.62,0.51,0.51,0.63
33,97,43,65,103,78,29,51,116,48,0.56,0.51,0.49,0.47,0.57,0.54,0.33,0.35,0.62,0.5
57,67,3,115,15,32,76,40,125,86,0.49,0.4,0.33,0.5,0.54,0.1,0.57,0.39,0.52,0.36
32,76,40,125,86,57,67,3,115,15,0.1,0.57,0.39,0.52,0.36,0.49,0.4,0.33,0.5,0.54
92,27,75,53,18,81,136,45,48,4,0.51,0.63,0.2,0.4,0.49,0.1,0.5,0.49,0.5,0.75
81,136,45,48,4,92,27,75,53,18,0.1,0.5,0.49,0.5,0.75,0.51,0.63,0.2,0.4,0.49
55,116,64,72,29,43,97,109,49,107,0.75,0.46,0.49,0.51,0.1,0.49,0.38,0.56,0.6,0.53
48,110,119,43,70,27,12,84,81,92,0.5,0,0.35,0.49,0.77,0.6,0.1,0.58,0.49,0.51
65,42,30,40,62,94,27,127,10,122,0.75,0.6,0.3,0.5,0.48,0.51,0.5,0.52,0.54,0.62
94,27,127,10,122,65,42,30,40,62,0.51,0.5,0.52,0.54,0.62,0.75,0.6,0.3,0.5,0.48
125,137,75,43,89,15,58,143,45,67,0.5,0.45,0.5,0.49,0.6,0.1,0.75,0.8,0.4,0.6
97,27,134,74,25,66,47,129,62,113,0,0.53,0.53,0.51,0.38,0.66,0.55,0.5,0.48,0.54
74,109,76,65,131,95,126,72,127,128,0.48,0.66,0.62,0.5,0.54,0,0.5,0.51,0.52,0
116,68,57,65,40,33,88,48,130,55,0.33,0.4,0.49,0.47,0.4,0.52,0.71,0.5,0.49,0.62
141,2,23,27,128,48,4,91,21,17,0.39,0.75,0.49,0.1,0.66,0.5,0.66,0.4,0,0
130,82,29,48,28,65,56,120,43,42,0.67,0,0.6,0.5,0.61,0.54,0.2,0.5,0.49,0.5
69,81,137,65,88,43,139,27,102,86,0,0,0.63,0.51,0.53,0.49,0.6,0.59,0.5,0.62
43,65,45,128,69,82,97,14,130,27,0.49,0.58,0.57,0.66,0.33,0.7,0.33,0.56,0.6,0.62
27,80,40,53,63,2,119,44,48,78,0.71,0.71,0.72,0.62,0.53,0.5,0.41,0.57,0.5,0.55
43,110,125,88,42,5,72,50,136,78,0.49,0.1,0.51,0.6,0.1,0.56,0.51,0.5,0.59,0
5,72,50,136,78,43,110,125,88,42,0.56,0.51,0.5,0.59,0,0.49,0.1,0.51,0.6,0.1
3,88,48,128,97,32,86,142,141,125,0,0.59,0.5,0.55,0.66,0.66,0.5,0.54,0.53,0.36
131,43,107,27,109,3,125,78,135,75,0.33,0.49,0.52,0.36,0.61,0.33,0.5,0.45,0.5,0.66
95,30,43,46,31,15,92,19,3,107,0.54,0.1,0.49,0.52,0.5,0.5,0.51,0.57,0.37,0
66,116,43,68,47,115,128,46,99,96,0.6,0.6,0.49,0.57,0.66,0.5,0,0,0.23,0.63
15,3,136,135,42,47,41,64,66,129,0.35,0.6,0.55,0.5,0.52,0.57,0.56,0.62,0.56,0.53
109,125,130,75,86,139,96,128,48,143,0.47,0.52,0.42,0.55,0.53,0.33,0.1,0.5,0.5,0.5
139,96,128,48,143,109,125,130,75,86,0.33,0.1,0.5,0.5,0.5,0.47,0.52,0.42,0.55,0.53
75,27,25,69,95,62,44,17,116,22,0.46,0.62,0.51,0.53,0.1,0.48,0.57,0.52,0.5,0
62,44,17,116,22,75,27,25,69,95,0.48,0.57,0.52,0.5,0,0.46,0.62,0.51,0.53,0.1
27,95,81,48,116,39,23,61,104,106,0.4,0.52,0.58,0.5,0.54,0.64,0.49,0.47,0.56,0.52
73,134,125,78,103,79,90,117,3,62,0.49,0.62,0.25,0.52,0.5,0.1,0.52,0.48,0.57,0.48
79,90,117,3,62,73,134,125,78,103,0.1,0.52,0.48,0.57,0.48,0.49,0.62,0.25,0.52,0.5
85,62,2,15,67,138,111,73,48,20,0.55,0.48,0.52,0.41,0.57,0.62,0.53,0.49,0.5,0.33
26,137,48,76,38,75,117,73,136,100,0.62,0.5,0.5,0.47,0.33,0.66,0.5,0.49,0.1,0.62
75,139,26,48,50,67,46,61,68,132,0.16,0.45,0.62,0.5,0.5,0.51,0.7,0.47,0,0
29,120,63,15,62,52,58,93,65,50,0,0.5,0.38,0.6,0.48,0.5,0,0.2,0.4,0.62
12,15,62,64,102,54,116,25,61,47,0.68,0.34,0.48,0.42,0.5,0.43,0.5,0,0.47,0.64
134,3,29,80,48,117,33,75,96,132,0.6,0.6,0.66,0.5,0.5,0.57,0.5,0.53,0.4,0.28
58,27,86,97,50,30,62,104,106,83,0.5,0.71,0.46,0,0.5,0.1,0.48,0.46,0.66,0.1
20,53,135,12,125,115,126,8,40,43,0.51,0.5,0.5,0.56,0.5,0.41,0.55,0.5,0.48,0.49
27,44,20,51,4,14,125,39,84,62,0.62,0.5,0.6,0,0.48,0.47,0.41,0.51,0.5,0.48
57,118,24,48,16,19,72,68,94,37,0.49,0.5,0.65,0.5,0.52,0.48,0.51,0.59,0.5,0.53
4,49,64,93,57,43,133,107,83,139,0,0.75,0.5,0.57,0.49,0.49,0.3,0.57,0.52,0.42
51,116,8,94,58,43,88,49,45,19,0.51,0.5,0.5,0.51,0,0.49,0.25,0.54,0.1,0.69
62,124,136,108,68,107,27,30,45,71,0.48,0.68,0.62,0.33,0.58,0.45,0.45,0.51,0.48,0.5
107,27,30,45,71,62,124,136,108,68,0.45,0.45,0.51,0.48,0.5,0.48,0.68,0.62,0.33,0.58
13,112,12,15,85,75,33,27,62,134,0.48,0.47,0.1,0.49,0.48,0.51,0.5,0.36,0.48,0.48
14,26,71,44,65,12,27,112,54,122,0.1,0.54,0.5,0.5,0.1,0,0,0.47,0,0
12,7,128,49,32,23,116,79,26,47,0.5,0.7,0.1,0.1,0.66,0.49,0,0.54,0.54,0.5
52,68,43,33,125,83,12,136,26,48,0.33,0.16,0.49,0.54,0.37,0.52,0.48,0.5,0.5,0.5
112,14,60,68,136,70,62,48,100,129,0.47,0.1,0.51,0.56,0.5,0.49,0.48,0.5,0.41,0.1
95,27,12,112,54,71,61,3,104,116,0.5,0.55,0.48,0.61,0.45,0.5,0.47,0.48,0.52,0.5
113,93,51,125,25,62,71,46,127,106,0.52,0.5,0.1,0.52,0,0.48,0.5,0.66,0.52,0.1
130,53,62,72,14,38,47,129,25,116,0.2,0,0.48,0.51,0.47,0.59,0.8,0.62,0.58,0.33
140,65,54,109,63,4,48,20,101,2,0,0.68,0.53,0.47,0.36,0.1,0.5,0.47,0.1,0.53
104,139,33,71,107,39,116,135,27,126,0.61,0.66,0.9,0.5,0.71,0.5,0.5,0.5,0.44,0
62,64,22,107,70,48,69,39,43,13,0.48,0.5,0.3,0.6,0,0.5,0.58,0.56,0.49,0.63
40,51,141,104,138,13,33,84,60,82,0,0.57,0.47,0.44,0.66,0.45,0.8,0.58,0.51,0.75
13,33,84,60,82,40,51,141,104,138,0.45,0.8,0.58,0.51,0.75,0,0.57,0.47,0.44,0.66
125,136,65,35,43,48,57,113,11,45,0.42,0.62,0.53,0.68,0.49,0.5,0.49,0.48,0,0.6
54,107,65,30,62,125,52,40,42,16,0.58,0.42,0.54,0.46,0.48,0.52,0.63,0.84,0.56,0.55
125,52,40,42,16,54,107,65,30,62,0.52,0.63,0.84,0.56,0.55,0.58,0.42,0.54,0.46,0.48
47,57,73,116,97,35,52,1,125,12,0.64,0.49,0.49,0.5,0.54,0.48,0.47,0.49,0.51,0.7
22,43,77,66,51,109,75,27,35,44,0.52,0.49,0.54,0.49,0.52,0.52,0.55,0.48,0.48,0.58
129,25,107,19,22,31,141,51,99,27,0.47,0.33,0.58,0.1,0.52,0.33,0.5,0.51,0.52,0.63
130,48,4,92,2,6,65,43,116,44,0.5,0.5,0.5,0.51,0.53,0.59,0.5,0.49,0.25,0
62,75,48,20,112,10,125,43,97,42,0.48,0.55,0.5,0.46,0.56,0.5,0.52,0.49,0.45,0.62
10,125,43,97,42,62,75,48,20,112,0.5,0.52,0.49,0.45,0.62,0.48,0.55,0.5,0.46,0.56
65,86,130,84,76,78,45,48,7,43,0.47,0.16,0.36,0.5,0.49,0.51,0.58,0.5,0.58,0.49
32,84,62,78,49,48,143,57,44,116,0.57,0.49,0.48,0.51,0.53,0.5,0.45,0.49,0.6,0.64
43,27,84,111,93,48,114,1,37,130,0.49,0.48,0.62,0.53,0.53,0.5,0.56,0.52,0.54,0.5
48,114,1,37,130,43,27,84,111,93,0.5,0.56,0.52,0.54,0.5,0.49,0.48,0.62,0.53,0.53
46,77,82,127,27,52,75,43,29,124,0.47,0.51,0.56,0.52,0.53,0.52,0.61,0.49,0.49,0.48
88,92,97,27,75,48,20,62,139,127,0.53,0.51,0.52,0.44,0.1,0.5,0.49,0.48,0.5,0.52
125,63,51,73,124,17,44,15,135,116,0.52,0.54,0.6,0.49,0.62,0.52,0.51,0.49,0.5,0.5
133,44,116,58,3,61,111,124,16,138,0.68,0.63,0.53,0.5,0.5,0.47,0.53,0.48,0.65,0.75
96,65,95,78,16,58,31,130,109,49,0.58,0.42,0.7,0.8,0.61,0.46,0.65,0.5,0.51,0.54
119,12,2,124,80,125,4,32,109,62,0.49,0.42,0.54,0.48,0.5,0.53,0.48,0.51,0.46,0.48
125,4,32,109,62,119,12,2,124,80,0.53,0.48,0.51,0.46,0.48,0.49,0.42,0.54,0.48,0.5
65,25,30,125,67,52,54,119,26,4,0.5,0.7,0.64,0.55,0.52,0.44,0.52,0.49,0.42,0.48
52,54,119,26,4,65,25,30,125,67,0.44,0.52,0.49,0.42,0.48,0.5,0.7,0.64,0.55,0.52
27,112,88,59,62,61,16,58,117,4,0.48,0.5,0.46,0.51,0.48,0.47,0.55,0.36,0.49,0.48
61,16,58,117,4,27,112,88,59,62,0.47,0.55,0.36,0.49,0.48,0.48,0.5,0.46,0.51,0.48
12,46,120,102,81,137,15,26,114,30,0.46,0.75,0.5,0.5,0.47,0.53,0.49,0.75,0.1,0.38
80,125,129,66,75,63,109,62,45,104,0.56,0.68,0.55,0.49,0.51,0.54,0.5,0.48,0,0.52
1,48,78,86,34,28,27,79,10,4,0.5,0.5,0.55,0.72,0.5,0.54,0.54,0.44,0.54,0.62
45,78,27,28,86,31,97,3,5,48,0.48,0.59,0.59,0.54,0.52,0.37,0.45,0.66,0.1,0.5
43,88,48,20,96,44,84,98,106,65,0.49,0.74,0.5,0.51,0.36,0.56,0.2,0.75,0.37,0.55
65,44,84,127,37,117,75,61,32,43,0.5,0.51,0.49,0.52,0.1,0.8,0,0.47,0.53,0.49
38,107,58,142,27,2,75,99,48,123,0.48,0.49,0.66,0.71,0.55,0.66,0.58,0.53,0.5,0.51
25,140,20,50,75,27,14,43,38,40,0.51,0.43,0.39,0.75,0.41,0.5,0.1,0.49,0.48,0.48
27,142,39,76,128,75,129,48,61,62,0.48,0.33,0.59,0.56,0.62,0.6,0.5,0.5,0.47,0.48
92,59,66,125,64,24,65,90,130,25,0.51,0.5,0.5,0.62,0.8,0.61,0.54,0.33,0.35,0
12,40,88,48,57,80,136,68,49,97,0.48,0.48,0,0.5,0.49,0.63,0.7,0.53,0.33,0.45
48,42,49,36,29,20,76,47,61,55,0.5,0.46,0.55,0.25,0.46,0.4,0.52,0.57,0.47,0.43
20,76,47,61,55,48,42,49,36,29,0.4,0.52,0.57,0.47,0.43,0.5,0.46,0.55,0.25,0.46
15,62,19,63,109,139,27,106,45,43,0,0.48,0.33,0.42,0.4,0.5,0.57,0.66,0.5,0.49
139,27,106,45,43,15,62,19,63,109,0.5,0.57,0.66,0.5,0.49,0,0.48,0.33,0.42,0.4
28,35,129,85,27,63,10,37,100,48,0.5,0,0.5,0.33,0.55,0.1,0.55,0.1,0.5,0.5
137,79,138,143,46,125,28,35,29,1,0.5,0.4,0.49,0.51,0.25,0.5,0.52,0.47,0.49,0.57
125,28,35,29,1,137,79,138,143,46,0.5,0.52,0.47,0.49,0.57,0.5,0.4,0.49,0.51,0.25
69,48,37,17,66,120,12,15,26,137,0.59,0.5,0.4,0.52,0.51,0.5,0.5,0.49,0.44,0.5
51,120,4,48,37,43,31,79,136,69,0.51,0.5,0.56,0.5,0.75,0.49,0.6,0.5,0.52,0.59
43,31,79,136,69,51,120,4,48,37,0.49,0.6,0.5,0.52,0.59,0.51,0.5,0.56,0.5,0.75
84,90,129,94,133,99,49,116,136,54,0.64,0.22,0.6,0.54,0.45,0.5,0.35,0.6,0.62,0.6
36,17,129,15,78,93,16,55,48,107,0.49,0.52,0.47,0,0.66,0.5,0.51,0.5,0.5,0.53
93,16,55,48,107,36,17,129,15,78,0.5,0.51,0.5,0.5,0.53,0.49,0.52,0.47,0,0.66
1,35,136,107,65,52,44,36,11,46,0.1,0.5,0.1,0.65,0.4,0.5,0.51,0.49,0.81,0.4
115,116,125,120,80,134,103,58,2,8,0.49,0.48,0.56,0.5,0.6,0.46,0.58,0.55,0.6,0.56
139,15,78,111,62,132,104,24,116,37,0.46,0.28,0.5,0.53,0.48,0.5,0.57,0.1,0.44,0.5
78,58,123,22,139,6,27,143,30,16,0.37,0.57,0.48,0,0.51,0.72,0.59,0.39,0.51,0.53
84,128,104,116,3,62,29,21,27,4,0.44,0.58,0,0.41,0.46,0.48,0.66,0.46,0.6,0.5
62,29,21,27,4,84,128,104,116,3,0.48,0.66,0.46,0.6,0.5,0.44,0.58,0,0.41,0.46
65,40,98,126,95,106,48,71,134,23,0.38,0.53,0.55,0.21,0.1,0.52,0.5,0.5,0.1,0.49
114,25,27,139,56,76,40,113,62,129,0.6,0.63,0.5,0.5,0.5,0.56,0.46,0.33,0.48,0.48
76,40,113,62,129,114,25,27,139,56,0.56,0.46,0.33,0.48,0.48,0.6,0.63,0.5,0.5,0.5
135,107,6,93,65,8,76,82,54,10,0.5,0.59,0.58,0.66,0.45,0.87,0.7,0.5,0.59,0.44
139,86,27,116,20,15,51,93,112,62,0.53,0.54,0.65,0.55,0.56,0.25,0.47,0.5,0.51,0.48
87,20,79,136,99,23,27,7,5,30,0.33,0.6,0.71,0.4,0.51,0.49,0.5,0.5,0.5,0.25
12,68,51,48,30,27,117,88,24,62,0.5,0.64,0.1,0.5,0.57,0.56,0,0.25,0.4,0.48
8,62,2,54,88,1,87,47,107,43,0.61,0.48,0.4,0.52,0.64,0.5,0.5,0.48,0,0.49
54,128,88,48,73,15,55,115,113,96,0.53,0,0.51,0.5,0.49,0.47,0.58,0.72,0.48,0.51
72,54,105,116,139,77,46,106,68,135,0.51,0.53,0.44,0.6,0.5,0,0.41,0.58,0.5,0.5
65,75,23,43,53,130,55,123,104,67,0.35,0.66,0.49,0.49,0.83,0.46,0.6,0.48,0,0.5
92,2,40,65,116,62,120,48,88,38,0.51,0.55,0.42,0.83,0.47,0.48,0.5,0.5,0.43,0.33
80,65,93,121,114,137,2,37,48,107,0.66,0.58,0,0.5,0.5,0.64,0.6,0.5,0.5,0.5
30,125,35,40,63,8,43,107,136,140,0.61,0.76,0.1,0.65,0.62,0.5,0.49,0.57,0.33,0.56
126,116,46,1,36,75,29,15,10,99,0.49,0.55,0.55,0.33,0.49,0.58,0.58,0.34,0.5,0.51
109,71,75,3,15,123,121,106,139,23,0,0.5,0.51,0.5,0.49,0.88,0.66,0.63,0.54,0.49
123,121,106,139,23,109,71,75,3,15,0.88,0.66,0.63,0.54,0.49,0,0.5,0.51,0.5,0.49
55,61,116,125,8,47,5,73,75,113,0.53,0.47,0.73,0.36,0.66,0.59,0.36,0.49,0.16,0.6
12,48,125,113,92,128,136,124,40,14,0.1,0.5,0.66,0.1,0.51,0.55,0.6,0.3,0.42,0.68
39,6,11,48,91,131,27,123,129,44,0.16,0.61,0.46,0.5,0,0.52,0.1,0.6,0.62,0.33
131,27,123,129,44,39,6,11,48,91,0.52,0.1,0.6,0.62,0.33,0.16,0.61,0.46,0.5,0
104,101,134,11,39,48,10,37,12,131,0.58,0.7,0.4,0.5,0.16,0.5,0.57,0.57,0.59,0.57
123,62,139,50,8,96,48,135,44,141,0.33,0.48,0.64,0.54,0.66,0.66,0.5,0.5,0.33,0.46
93,15,126,16,79,116,125,109,130,43,0.59,0.57,0.54,0.51,0.5,0.55,0.16,0.6,0,0.49
65,107,43,123,84,75,52,125,62,130,0.42,0.5,0.49,0.5,0.5,0.66,0.71,0.36,0.48,0.51
136,135,76,65,30,32,107,27,97,112,0.5,0.5,0.1,0.47,0.51,0.51,0.62,0.47,0.3,0.6
37,48,35,88,31,51,52,27,93,116,0.43,0.5,0.47,0.73,0.47,0.78,0.58,0.61,0.51,0.35
51,52,27,93,116,37,48,35,88,31,0.78,0.58,0.61,0.51,0.35,0.43,0.5,0.47,0.73,0.47
35,12,125,2,40,67,1,78,22,62,0.59,0.1,0.57,0.59,0.57,0.63,0.45,0.49,0.8,0.48
27,128,31,112,3,62,116,44,67,125,0.48,0.54,0.22,0.1,0.64,0.48,0.62,0.66,0.63,0.56
100,11,27,43,40,48,67,95,87,112,0.5,0.66,0.52,0.49,0.46,0.5,0.6,0.52,0.59,0.62
48,67,95,87,112,100,11,27,43,40,0.5,0.6,0.52,0.59,0.62,0.5,0.66,0.52,0.49,0.46
52,50,137,58,27,37,67,43,104,30,0.57,0,0.58,0.57,0.53,0.4,0.51,0.49,0.68,0.1
95,92,12,139,27,116,104,79,58,2,0.78,0.51,0.55,0.61,0.5,0.6,0.66,0.5,0.5,0.52
116,104,79,58,2,95,92,12,139,27,0.6,0.66,0.5,0.5,0.52,0.78,0.51,0.55,0.61,0.5
75,29,71,46,12,3,127,77,125,43,0.65,0.49,0.5,0.55,0.58,0.25,0.52,0,0,0.49
116,81,44,61,46,110,67,65,77,91,0.22,0.66,0.25,0.47,0.25,0.66,0.1,0.68,0.5,0.66
4,125,61,101,32,15,63,102,72,71,0.33,0.44,0.47,0.68,0.45,0.38,0.4,0,0.51,0.5
109,15,28,119,138,71,113,141,27,84,0.51,0.66,0.4,0.47,0.53,0.5,0.55,0.51,0.54,0.49
11,121,136,20,27,4,31,65,139,62,0.58,0.67,0.59,0.58,0.5,0.55,0.36,0.44,0.5,0.48
130,22,50,62,32,97,1,27,42,135,0.5,0.63,0.42,0.48,0.53,0.16,0.68,0.52,0.56,0.5
97,1,27,42,135,130,22,50,62,32,0.16,0.68,0.52,0.56,0.5,0.5,0.63,0.42,0.48,0.53
54,108,62,27,13,78,48,135,32,130,0.66,0.76,0.48,0.53,0.75,0.75,0.5,0.5,0.55,0.28
66,98,24,54,104,134,92,67,40,72,0.36,0.44,0.51,0.66,0.54,0.48,0.51,0.48,0.5,0.51
116,48,54,112,98,68,92,65,14,2,0.5,0.5,0.4,0.33,0.6,0.5,0.51,0.64,0.53,0.66
106,114,85,43,112,30,62,48,67,93,0.66,0.57,0.33,0.49,0.51,0.87,0.48,0.5,0.53,0.55
27,67,93,69,43,33,122,15,19,116,0.5,0.62,0,0.53,0.49,0.62,0.72,0.71,0.8,0.46
127,47,62,44,113,76,84,43,77,27,0.52,0.5,0.48,0.51,0.7,0.6,0.66,0.49,0.6,0.66
136,106,128,48,125,30,20,8,43,12,0.5,0.44,0.4,0.5,0.52,0.41,0.56,0.5,0.49,0.1
43,7,96,48,13,65,12,40,2,62,0.49,0,0.54,0.5,0,0.47,0.48,0.63,0.6,0.48
73,109,13,65,120,130,62,3,27,31,0.49,0.3,0.43,0.71,0.5,0,0.48,0.41,0.45,0.56
130,62,3,27,31,73,109,13,65,120,0,0.48,0.41,0.45,0.56,0.49,0.3,0.43,0.71,0.5
118,77,27,116,17,65,132,33,125,143,0.5,0.49,0.66,0.6,0.6,0,0.52,0.5,0.66,0.51
65,132,33,125,143,118,77,27,116,17,0,0.52,0.5,0.66,0.51,0.5,0.49,0.66,0.6,0.6
45,69,65,107,62,125,49,36,130,63,0,0.25,0.47,0.49,0.48,0.33,0.46,0.5,0,0.51
67,21,102,135,47,125,82,115,45,75,0.53,0.6,0.46,0.5,0.25,0.23,0.25,0.53,0.49,0.2
121,130,113,5,50,120,103,44,116,46,0.44,0.49,0.73,0.57,0.61,0.5,0.5,0.51,0.66,0.5
27,44,52,37,13,130,61,88,121,80,0.49,0.64,0.33,0.58,0.62,0.58,0.47,0.46,0.63,0.42
130,61,88,121,80,27,44,52,37,13,0.58,0.47,0.46,0.63,0.42,0.49,0.64,0.33,0.58,0.62
3,97,92,95,14,134,8,84,62,1,0.36,0.16,0.51,0.52,0,0.47,0.66,0.1,0.48,0.33
134,8,84,62,1,3,97,92,95,14,0.47,0.66,0.1,0.48,0.33,0.36,0.16,0.51,0.52,0
45,31,48,26,24,25,27,130,107,127,0.41,0.53,0.5,0.57,0.51,0.54,0.48,0.33,0.45,0.52
61,22,107,62,130,9,86,116,27,52,0.47,0.62,0.66,0.48,0.66,0.54,0.33,0.5,0.41,0.5
35,9,45,48,116,52,75,27,3,62,0.47,0.54,0.44,0.5,0.54,0.5,0.51,0.55,0.6,0.48
52,75,27,3,62,35,9,45,48,116,0.5,0.51,0.55,0.6,0.48,0.47,0.54,0.44,0.5,0.54
12,48,69,92,23,61,11,56,25,22,0.71,0.5,0.55,0.51,0.49,0.47,0.52,0.42,0.33,0.6
27,85,112,43,116,44,37,15,76,110,0.44,0.41,0.66,0.49,0.48,0.63,0.66,0.51,0.52,0.47
136,56,48,75,62,40,33,82,43,107,0.57,0.55,0.5,0.58,0.48,0,0,0,0.49,0
80,86,75,129,117,93,43,24,27,88,0.65,0.53,0.22,0.33,0,0.5,0.49,0.59,0.5,0.61
1,27,116,3,36,100,99,109,88,60,0.49,0.42,0.45,0.61,0.57,0.55,0.6,0.76,0.5,0.51
120,47,37,1,50,48,139,96,79,95,0.5,0.6,0.51,0.5,0.55,0.5,0.56,0.1,0.5,0.74
14,48,37,52,135,62,100,3,111,27,0.53,0.5,0.51,0.5,0.5,0.48,0.53,0.5,0.53,0.53
